caseId,docketId,caseIssuesId,voteId,dateDecision,decisionType,usCite,sctCite,ledCite,lexisCite,term,naturalCourt,chief,docket,caseName,dateArgument,dateRearg,petitioner,petitionerState,respondent,respondentState,jurisdiction,adminAction,adminActionState,threeJudgeFdc,caseOrigin,caseOriginState,caseSource,caseSourceState,lcDisagreement,certReason,lcDisposition,lcDispositionDirection,declarationUncon,caseDisposition,caseDispositionUnusual,partyWinning,precedentAlteration,voteUnclear,issue,issueArea,decisionDirection,decisionDirectionDissent,authorityDecision1,authorityDecision2,lawType,lawSupp,lawMinor,majOpinWriter,majOpinAssigner,splitVote,majVotes,minVotes
1946-001,1946-001-01,1946-001-01-01,1946-001-01-01-01,11/18/46,1,329 U.S. 1,67 S. Ct. 6,91 L. Ed. 3,1946 U.S. LEXIS 1724,1946,1301,Vinson,24,"HALLIBURTON OIL WELL CEMENTING CO. v. WALKER et al., DOING BUSINESS AS DEPTHOGRAPH CO.",1/9/46,10/23/46,198,,172,,6,,,0,51,6,29,,0,11,2,1,1,3,0,1,1,0,80180,8,2,0,4,,6,600,35 U.S.C. § 33,78,78,1,8,1
1946-027,1946-027-01,1946-027-01-01,1946-027-01-01-01,1/6/47,1,329 U.S. 402,67 S. Ct. 421,91 L. Ed. 380,1947 U.S. LEXIS 3020,1946,1301,Vinson,28,MACGREGOR v. WESTINGHOUSE ELECTRIC & MANUFACTURING CO.,12/12/46,,177,,172,,6,,,0,302,45,300,45,0,5,2,1,1,4,0,1,1,0,80180,8,2,0,7,,5,507,,78,87,1,5,4
1946-055,1946-055-01,1946-055-01-01,1946-055-01-01-01,2/17/47,1,330 U.S. 183,67 S. Ct. 657,91 L. Ed. 832,1947 U.S. LEXIS 2649,1946,1301,Vinson,31,ANGEL v. BULLINGTON,3/5/46,11/18/46,123,,233,,1,,,0,100,38,24,,0,10,2,2,1,3,0,1,1,0,90460,9,1,0,7,,5,506,,80,78,1,6,3
1947-089,1947-089-01,1947-089-01-01,1947-089-01-01-01,6/7/48,1,334 U.S. 343,68 S. Ct. 1087,92 L. Ed. 2d 1429,1948 U.S. LEXIS 2080,1947,1301,Vinson,36,SHERRER v. SHERRER,10/13/47,,253,,168,,1,,,0,302,26,300,26,0,11,2,1,1,3,0,1,1,0,40060,4,2,0,2,,2,230,,87,87,1,7,2
1948-018,1948-018-01,1948-018-01-01,1948-018-01-01-01,1/3/49,1,335 U.S. 525,69 S. Ct. 251,93 L. Ed. 2d 212,1949 U.S. LEXIS 3023,1948,1301,Vinson,47,LINCOLN FEDERAL LABOR UNION et al. v. NORTHWESTERN IRON & METAL CO. et al.,11/8/48,,249,,151,,2,,,0,302,32,300,32,0,1,2,1,1,2,0,0,1,0,70030,7,1,0,2,,2,200,,78,87,1,9,0
1948-024,1948-024-01,1948-024-01-01,1948-024-01-01-01,1/17/49,1,335 U.S. 632,69 S. Ct. 322,93 L. Ed. 2d 288,1949 U.S. LEXIS 2950,1948,1301,Vinson,5,COMMISSIONER OF INTERNAL REVENUE v. ESTATE OF CHURCH,10/24/47,10/12/48,369,,240,,1,69,,0,9,,23,,1,2,2,1,1,3,0,1,1,0,120010,12,2,0,4,,3,345,,78,80,1,6,3
1948-035,1948-035-01,1948-035-01-01,1948-035-01-01-01,2/7/49,1,336 U.S. 169,69 S. Ct. 432,93 L. Ed. 2d 585,1949 U.S. LEXIS 2971,1948,1301,Vinson,244,"OTT, COMMISSIONER OF PUBLIC FINANCE, et al. v. MISSISSIPPI VALLEY BARGE LINE CO. et al.",1/5/49,,19,22,116,,2,,,0,75,22,25,,0,1,2,1,1,3,0,1,1,0,80100,8,2,0,2,,1,111,,81,87,1,8,1
1948-048,1948-048-01,1948-048-01-01,1948-048-01-01-01,3/7/49,1,336 U.S. 342,69 S. Ct. 561,93 L. Ed. 2d 721,1949 U.S. LEXIS 2942,1948,1301,Vinson,40,OKLAHOMA TAX COMMISSION v. TEXAS COMPANY,11/19/48,,4,42,198,,1,117,42,0,302,42,300,42,1,12,3,2,1,4,0,1,1,0,100060,10,1,0,7,,,,,85,87,1,9,0
1948-110,1948-110-01,1948-110-01-01,1948-110-01-01-01,6/27/49,1,337 U.S. 783,69 S. Ct. 1317,93 L. Ed. 2d 1692,1949 U.S. LEXIS 2922,1948,1301,Vinson,351,COSMOPOLITAN SHIPPING CO. v. McALLISTER,2/1/49,,234,,145,,1,,,0,96,,22,,0,12,2,2,1,3,0,1,1,0,80070,8,1,0,4,,3,348,,79,87,1,5,4
1949-049,1949-049-01,1949-049-01-01,1949-049-01-01-01,2/20/50,1,339 U.S. 56,70 S. Ct. 430,94 L. Ed. 2d 653,1950 U.S. LEXIS 2298,1949,1303,Vinson,293,UNITED STATES v. RABINOWITZ,1/11/50,,27,,100,,1,,,0,96,37,22,,1,10,3,2,1,3,0,1,1,0,10050,1,1,0,1,,2,205,,89,87,1,5,3
1949-059,1949-059-01,1949-059-01-01,1949-059-01-01-01,4/3/50,1,339 U.S. 200,70 S. Ct. 587,94 L. Ed. 2d 761,1950 U.S. LEXIS 2161,1949,1303,Vinson,51,"DARR v. BURFORD, WARDEN",12/5/49,,215,,28,42,1,,,0,105,42,30,,1,10,2,1,1,2,0,0,1,0,90040,9,1,0,7,4,3,341,,79,87,1,5,3
1951-084,1951-084-01,1951-084-01-01,1951-084-01-01-01,5/26/52,1,343 U.S. 495,72 S. Ct. 777,96 L. Ed. 2d 1098,1952 U.S. LEXIS 2796,1951,1303,Vinson,522,"JOSEPH BURSTYN, INC. v. WILSON, COMMISSIONER OF EDUCATION OF NEW YORK, et al.",4/24/52,,156,,19,37,2,117,37,0,301,37,300,37,1,1,2,1,3,3,0,1,1,0,30010,3,2,0,2,,2,200,NA,88,87,1,9,0
1953-069,1953-069-01,1953-069-01-01,1953-069-01-01-01,5/17/54,1,347 U.S. 483,74 S. Ct. 686,98 L. Ed. 2d 873,1954 U.S. LEXIS 2094,1953,1401,Warren,1,BROWN et al. v. BOARD OF EDUCATION OF TOPEKA et al.,12/8/52,12/7/53,224,,21,20,2,,,0,72,,72,,0,1,,1,3,1,1,1,1,0,20050,2,2,0,2,,2,231,,90,90,1,9,0
1954-001,1954-001-01,1954-001-01-01,1954-001-01-01-01,10/14/54,2,348 U.S. 1,75 S. Ct. 6,99 L. Ed. 2d 3,1954 U.S. LEXIS 1630,1954,1402,Warren,5 M,in re DISBARMENT OF ISSERMAN,,,111,,20,60,6,118,,0,,,,,0,1,,1,1,1,1,1,1,0,60040,6,2,0,4,,4,403,,,78,1,3,3
1956-101,1956-101-01,1956-101-01-01,1956-101-01-01-01,6/10/57,7,354 U.S. 1,77 S. Ct. 1222,1 L. Ed. 2d 1148,1957 U.S. LEXIS 729,1956,1405,Warren,701,"REID, SUPERINTENDENT, DISTRICT OF COLUMBIA JAIL, v. COVERT",5/3/56,2/27/57,19,60,253,,6,,,0,55,,55,,0,1,,2,2,2,0,0,1,0,20240,2,2,0,1,,3,377,,78,90,1,6,2
1956-125,1956-125-01,1956-125-01-01,1956-125-01-01-01,6/24/57,1,354 U.S. 416,77 S. Ct. 1360,1 L. Ed. 2d 1456,1957 U.S. LEXIS 584,1956,1405,Warren,302,VANDERBILT v. VANDERBILT et al.,4/22/57,,168,,253,,1,,,0,302,37,300,37,0,12,2,2,1,2,0,0,1,0,40060,4,2,0,2,,1,143,,78,78,1,6,2
1958-021,1958-021-01,1958-021-01-01,1958-021-01-01-01,12/15/58,1,358 U.S. 169,79 S. Ct. 209,3 L. Ed. 2d 199,1958 U.S. LEXIS 2,1958,1406,Warren,2,LADNER v. UNITED STATES,11/19/57,10/22/58,126,,27,,6,,,0,85,,25,,0,1,2,1,1,4,0,1,1,0,10380,1,2,0,4,,6,600,18 U.S.C. § 254,92,90,1,8,1
1959-041,1959-041-01,1959-041-01-01,1959-041-01-01-01,2/29/60,1,362 U.S. 17,80 S. Ct. 519,4 L. Ed. 2d 524,1960 U.S. LEXIS 2012,1959,1406,Warren,64,UNITED STATES v. RAINES et al.,1/12/60,,27,,19,13,2,,,0,59,,59,,0,1,9,1,1,3,0,1,1,0,20010,2,2,0,4,,6,600,28 U.S.C. § 1252,92,90,1,9,0
1959-132,1959-132-01,1959-132-01-01,1959-132-01-01-01,6/27/60,1,364 U.S. 206,80 S. Ct. 1437,4 L. Ed. 2d 1669,1960 U.S. LEXIS 1989,1959,1406,Warren,126,ELKINS et al. v. UNITED STATES,3/28/60,,100,,27,,1,,,0,108,,29,,0,10,2,1,1,5,0,1,1,0,10050,1,2,0,1,3,2,205,,94,90,1,5,4
1960-090,1960-090-01,1960-090-01-01,1960-090-01-01-01,5/15/61,7,366 U.S. 213,81 S. Ct. 1052,6 L. Ed. 2d 246,1961 U.S. LEXIS 2014,1960,1406,Warren,63,JAMES v. UNITED STATES,11/17/60,,100,,27,,1,,,0,66,,27,,0,13,2,1,1,4,0,1,1,1,10490,1,2,0,4,,3,345,,90,90,1,6,3
1960-133,1960-133-01,1960-133-01-01,1960-133-01-01-01,6/19/61,1,367 U.S. 643,81 S. Ct. 1684,6 L. Ed. 2d 1081,1961 U.S. LEXIS 812,1960,1406,Warren,236,MAPP v. OHIO,3/29/61,,100,,28,41,2,,,0,302,41,300,41,0,1,2,2,1,4,0,1,1,0,10050,1,2,0,2,,2,205,,88,90,1,6,3
1961-051,1961-051-01,1961-051-01-01,1961-051-01-01-01,3/26/62,1,369 U.S. 186,82 S. Ct. 691,7 L. Ed. 2d 663,1962 U.S. LEXIS 1567,1961,1406,Warren,6,BAKER et al. v. CARR et al.,4/19/61,10/9/61,251,,19,50,2,,,1,117,,117,,0,1,,1,1,4,0,1,1,0,20090,2,2,0,3,,,,,92,90,1,6,2
1962-019,1962-019-01,1962-019-01-01,1962-019-01-01-01,12/10/62,1,371 U.S. 195,83 S. Ct. 267,9 L. Ed. 2d 246,1962 U.S. LEXIS 2174,1962,1408,Warren,13,SMITH v. EVENING NEWS ASSOCIATION,10/10/62,,145,,151,,1,,,0,302,27,300,27,0,12,2,2,1,4,0,1,1,0,100020,10,1,0,4,7,3,356,,95,90,1,8,1
1962-037,1962-037-01,1962-037-01-01,1962-037-01-01-01,1/21/63,1,371 U.S. 542,83 S. Ct. 531,9 L. Ed. 2d 514,1963 U.S. LEXIS 2516,1962,1408,Warren,87,"LOCAL NO. 438 CONSTRUCTION & GENERAL LABORERS' UNION, AFL-CIO, v. CURRY et al., DOING BUSINESS AS S. J. CURRY & CO.",11/7/62,,249,,120,,1,,,0,302,13,300,13,0,11,3,1,1,3,0,1,1,0,100020,10,2,0,4,,3,356,,95,90,1,9,0
1962-058,1962-058-01,1962-058-01-01,1962-058-01-01-01,3/18/63,1,372 U.S. 335,83 S. Ct. 792,9 L. Ed. 2d 799,1963 U.S. LEXIS 1942,1962,1408,Warren,155,"GIDEON v. WAINWRIGHT, CORRECTIONS DIRECTOR",1/15/63,,100,,28,12,1,,,0,302,12,300,12,0,11,9,1,3,4,0,1,1,0,10120,1,2,0,2,,2,214,,78,90,1,9,0
1962-060,1962-060-01,1962-060-01-01,1962-060-01-01-01,3/18/63,1,372 U.S. 368,83 S. Ct. 801,9 L. Ed. 2d 821,1963 U.S. LEXIS 1944,1962,1408,Warren,112,"GRAY, CHAIRMAN OF THE GEORGIA STATE DEMOCRATIC EXECUTIVE COMMITTEE, et al. v. SANDERS",1/17/63,,211,,251,,2,,,1,60,,60,,0,1,,2,3,5,0,0,1,0,20090,2,2,0,2,,2,231,,81,90,1,8,1
1962-061,1962-061-01,1962-061-01-01,1962-061-01-01-01,3/18/63,1,372 U.S. 391,83 S. Ct. 822,9 L. Ed. 2d 837,1963 U.S. LEXIS 1945,1962,1408,Warren,84,"FAY, WARDEN, et al. v. NOIA",1/7/63,,28,37,126,,1,,,0,96,,22,,1,12,3,2,1,2,0,0,1,0,10020,1,2,0,4,,3,341,,92,90,1,6,3
1962-080,1962-080-01,1962-080-01-01,1962-080-01-01-01,4/22/63,1,372 U.S. 726,83 S. Ct. 1028,10 L. Ed. 2d 93,1963 U.S. LEXIS 2497,1962,1408,Warren,111,"FERGUSON, ATTORNEY GENERAL OF KANSAS, et al. v. SKRUPA, DOING BUSINESS AS CREDIT ADVISORS",3/20/63,,28,20,135,,2,,,1,72,,72,,0,1,,1,1,3,0,1,1,0,80110,8,2,0,2,,2,230,,78,90,1,9,0
1963-047,1963-047-01,1963-047-01-01,1963-047-01-01-01,2/17/64,1,376 U.S. 1,84 S. Ct. 526,11 L. Ed. 2d 481,1964 U.S. LEXIS 1773,1963,1408,Warren,22,"WESBERRY et al. v. SANDERS, GOVERNOR OF GEORGIA, et al.",11/18/63,,251,,19,13,2,,,1,60,,60,,1,1,9,1,3,4,0,1,1,0,20090,2,2,0,2,,1,102,,78,90,1,6,3
1963-113,1963-113-01,1963-113-01-01,1963-113-01-01-01,5/18/64,1,377 U.S. 163,84 S. Ct. 1187,12 L. Ed. 2d 218,1964 U.S. LEXIS 1275,1963,1408,Warren,368,"SCHNEIDER v. RUSK, SECRETARY OF STATE",4/2/64,,106,,328,,2,28,,1,55,,55,,0,1,,1,2,3,0,1,1,0,20280,2,2,0,1,,3,344,,81,90,1,5,3
1963-146,1963-146-01,1963-146-01-01,1963-146-01-01-01,6/15/64,1,378 U.S. 1,84 S. Ct. 1489,12 L. Ed. 2d 653,1964 U.S. LEXIS 993,1963,1408,Warren,110,"MALLOY v. HOGAN, SHERIFF",3/5/64,,254,,28,8,1,,,0,302,8,300,8,0,12,2,1,1,3,0,1,1,0,10090,1,2,0,2,,2,210,,92,90,1,5,4
1963-147,1963-147-01,1963-147-01-01,1963-147-01-01-01,6/15/64,1,378 U.S. 52,84 S. Ct. 1594,12 L. Ed. 2d 678,1964 U.S. LEXIS 2229,1963,1408,Warren,138,MURPHY et al. v. WATERFRONT COMMISSION OF NEW YORK HARBOR,3/5/64,,254,,4,61,1,65,,0,302,35,300,35,0,12,2,1,1,7,1,1,1,0,10110,1,2,0,2,,2,231,,96,90,1,9,0
1963-162,1963-162-01,1963-162-01-01,1963-162-01-01-01,6/22/64,1,378 U.S. 368,84 S. Ct. 1774,12 L. Ed. 2d 908,1964 U.S. LEXIS 826,1963,1408,Warren,62,"JACKSON v. DENNO, WARDEN",12/9/63,,100,,28,37,1,,,0,96,,22,,0,10,2,1,1,4,0,1,1,1,10010,1,2,0,2,,2,230,,95,90,1,6,3
1963-164,1963-164-01,1963-164-01-01,1963-164-01-01-01,6/22/64,1,378 U.S. 478,84 S. Ct. 1758,12 L. Ed. 2d 977,1964 U.S. LEXIS 827,1963,1408,Warren,615,ESCOBEDO v. ILLINOIS,4/29/64,,100,,28,17,1,,,0,302,17,300,17,0,11,2,1,1,4,0,1,1,0,10120,1,2,0,2,,2,214,,96,90,1,5,4
1964-069,1964-069-01,1964-069-01-01,1964-069-01-01-01,4/5/65,1,380 U.S. 400,85 S. Ct. 1065,13 L. Ed. 2d 923,1965 U.S. LEXIS 1481,1964,1408,Warren,577,POINTER v. TEXAS,3/15/65,,100,,28,51,1,,,0,302,51,300,51,0,10,2,1,1,4,0,1,1,0,10270,1,2,0,2,,2,213,,78,90,1,9,0
1965-013,1965-013-01,1965-013-01-01,1965-013-01-01-01,11/22/65,1,382 U.S. 111,86 S. Ct. 258,15 L. Ed. 2d 194,1965 U.S. LEXIS 2252,1965,1409,Warren,9,"SWIFT & CO., INC., et al. v. WICKHAM, COMMISSIONER OF AGRICULTURE & MARKETS OF NEW YORK",10/13/65,,158,,19,37,2,4,,1,96,,96,,0,1,9,1,1,9,0,0,1,0,90340,9,1,0,4,,6,600,28 U.S.C. § 1253,91,90,1,6,3
1965-019,1965-019-01,1965-019-01-01,1965-019-01-01-01,12/6/65,1,382 U.S. 162,86 S. Ct. 352,15 L. Ed. 2d 240,1965 U.S. LEXIS 122,1965,1409,Warren,6,HARRIS v. UNITED STATES,10/11/65,,254,,27,,1,,,0,96,,22,,0,12,2,1,1,4,0,1,1,0,10080,1,2,0,4,,4,401,,81,90,1,5,4
1965-079,1965-079-01,1965-079-01-01,1965-079-01-01-01,3/24/66,1,383 U.S. 663,86 S. Ct. 1079,16 L. Ed. 2d 169,1966 U.S. LEXIS 2905,1965,1409,Warren,48,HARPER et al. v. VIRGINIA BOARD OF ELECTIONS et al.,1/25/66,,251,,4,55,2,,,1,126,,126,,0,1,9,1,3,3,0,1,1,0,20010,2,2,0,2,,2,231,,81,90,1,6,3
1965-122,1965-122-01,1965-122-01-01,1965-122-01-01-01,6/13/66,1,384 U.S. 436,86 S. Ct. 1602,16 L. Ed. 2d 694,1966 U.S. LEXIS 2817,1965,1409,Warren,759,MIRANDA v. ARIZONA,2/28/66,,100,,28,4,1,,,0,302,4,300,4,0,11,2,1,1,3,0,1,1,0,10100,1,2,0,2,,2,210,,90,90,1,5,4
1966-039,1966-039-01,1966-039-01-01,1966-039-01-01-01,1/16/67,7,385 U.S. 511,87 S. Ct. 625,17 L. Ed. 2d 574,1967 U.S. LEXIS 2504,1966,1409,Warren,62,SPEVACK v. KLEIN,11/7/66,,111,,6,37,1,,,0,301,37,300,37,0,11,2,1,1,3,0,1,1,0,10090,1,2,0,2,,2,210,,81,90,1,5,4
1966-044,1966-044-01,1966-044-01-01,1966-044-01-01-01,1/23/67,1,385 U.S. 589,87 S. Ct. 675,17 L. Ed. 2d 629,1967 U.S. LEXIS 2454,1966,1409,Warren,105,KEYISHIAN et al. v. BOARD OF REGENTS OF THE UNIVERSITY OF THE STATE OF NEW YORK et al.,11/17/66,,8,37,26,37,2,,,1,97,,97,,0,1,,1,3,4,0,1,1,0,30110,3,2,0,2,,2,200,,92,90,1,5,4
1966-108,1966-108-01,1966-108-01-01,1966-108-01-01-01,5/29/67,1,387 U.S. 253,87 S. Ct. 1660,18 L. Ed. 2d 757,1967 U.S. LEXIS 2844,1966,1409,Warren,456,"AFROYIM v. RUSK, SECRETARY OF STATE",2/20/67,,106,,328,,1,28,,0,96,,22,,0,11,2,1,2,3,0,1,1,0,20280,2,2,0,1,,2,229,,78,90,1,5,4
1966-109,1966-109-01,1966-109-01-01,1966-109-01-01-01,5/29/67,1,387 U.S. 294,87 S. Ct. 1642,18 L. Ed. 2d 782,1967 U.S. LEXIS 2753,1966,1409,Warren,480,"WARDEN, MARYLAND PENITENTIARY v. HAYDEN",4/12/67,,28,25,100,,1,,,0,79,,24,,1,12,3,2,1,3,0,1,1,1,10050,1,1,0,2,,2,205,,92,78,1,6,3
1966-116,1966-116-01,1966-116-01-01,1966-116-01-01-01,6/5/67,1,387 U.S. 523,87 S. Ct. 1727,18 L. Ed. 2d 930,1967 U.S. LEXIS 1254,1966,1409,Warren,92,CAMARA v. MUNICIPAL COURT OF THE CITY AND COUNTY OF SAN FRANCISCO,2/15/67,,195,,6,6,2,,,0,302,6,301,6,0,1,2,1,4,5,0,1,1,0,10050,1,2,0,2,,2,205,,95,90,1,6,3
1966-122,1966-122-01,1966-122-01-01,1966-122-01-01-01,6/12/67,1,388 U.S. 41,87 S. Ct. 1873,18 L. Ed. 2d 1040,1967 U.S. LEXIS 2964,1966,1409,Warren,615,BERGER v. NEW YORK,4/13/67,,100,,28,37,1,,,0,302,37,300,37,1,12,2,1,3,3,0,1,1,0,10050,1,2,0,2,,2,205,,88,90,1,6,3
1967-043,1967-043-01,1967-043-01-01,1967-043-01-01-01,12/18/67,1,389 U.S. 347,88 S. Ct. 507,19 L. Ed. 2d 576,1967 U.S. LEXIS 2,1967,1410,Warren,35,KATZ v. UNITED STATES,10/17/67,,100,,27,,1,,,0,51,,29,,0,11,2,1,1,3,0,1,1,0,10050,1,2,0,1,,2,205,,94,90,1,7,1
1967-061,1967-061-01,1967-061-01-01,1967-061-01-01-01,1/29/68,1,390 U.S. 39,88 S. Ct. 697,19 L. Ed. 2d 889,1968 U.S. LEXIS 3130,1967,1410,Warren,2,MARCHETTI v. UNITED STATES,1/17/67,10/10/67,240,,27,,1,,,0,53,,22,,0,11,2,1,2,3,0,1,1,0,10090,1,2,0,4,,3,345,,91,78,1,7,1
1967-116,1967-116-01,1967-116-01-01,1967-116-01-01-01,5/20/68,1,391 U.S. 54,88 S. Ct. 1549,20 L. Ed. 2d 426,1968 U.S. LEXIS 1628,1967,1410,Warren,802,"PEYTON, PENITENTIARY SUPERINTENDENT v. ROWE et al.",3/27/68,,28,55,215,,1,,,0,127,,24,,0,11,3,2,1,2,0,0,1,0,10020,1,2,0,4,,3,341,,90,90,1,9,0
1967-121,1967-121-01,1967-121-01-01,1967-121-01-01-01,5/20/68,1,391 U.S. 123,88 S. Ct. 1620,20 L. Ed. 2d 476,1968 U.S. LEXIS 1630,1967,1410,Warren,705,BRUTON v. UNITED STATES,3/11/68,,100,,27,,1,,,0,86,,28,,0,11,2,1,1,3,0,1,1,0,10270,1,2,0,1,,2,213,,92,90,1,6,2
1967-122,1967-122-01,1967-122-01-01,1967-122-01-01-01,5/20/68,1,391 U.S. 145,88 S. Ct. 1444,20 L. Ed. 2d 491,1968 U.S. LEXIS 1631,1967,1410,Warren,410,DUNCAN v. LOUISIANA,1/17/68,,100,,28,22,2,,,0,302,22,300,22,0,1,9,1,1,4,0,1,1,0,10580,1,2,0,2,,2,215,,95,90,1,7,2
1967-126,1967-126-01,1967-126-01-01,1967-126-01-01-01,5/20/68,1,391 U.S. 234,88 S. Ct. 1556,20 L. Ed. 2d 554,1968 U.S. LEXIS 2995,1967,1410,Warren,71,"CARAFAS v. LAVALLEE, WARDEN",3/27/68,,100,,28,37,1,,,0,95,,22,,0,11,9,1,1,5,0,1,1,0,10020,1,2,0,4,,3,341,,97,90,1,8,0
1967-179,1967-179-01,1967-179-01-01,1967-179-01-01-01,6/17/68,1,392 U.S. 378,88 S. Ct. 2096,20 L. Ed. 2d 1166,1968 U.S. LEXIS 3098,1967,1410,Warren,174,LEE et al. v. FLORIDA,5/2/68,,100,,28,12,1,,,0,302,12,301,12,0,11,2,1,1,3,0,1,1,0,10050,1,2,0,4,,3,326,,94,90,1,6,3
1967-181,1967-181-01,1967-181-01-01,1967-181-01-01-01,6/17/68,1,392 U.S. 409,88 S. Ct. 2186,20 L. Ed. 2d 1189,1968 U.S. LEXIS 2980,1967,1410,Warren,645,JONES ET UX. v. ALFRED H. MAYER CO. et al.,4/1/68,,222,,139,,1,,,0,86,,28,,0,11,2,1,1,3,0,1,1,0,20040,2,2,0,4,,3,342,,94,90,1,7,2
1968-091,1968-091-01,1968-091-01-01,1968-091-01-01-01,5/5/69,1,394 U.S. 814,89 S. Ct. 1493,23 L. Ed. 2d 1,1969 U.S. LEXIS 1700,1968,1410,Warren,620,"MOORE et al. v. OGILVIE, GOVERNOR OF ILLINOIS, et al.",3/27/69,,211,,4,17,2,117,17,1,66,,66,,0,1,9,1,3,3,0,1,1,0,20030,2,2,0,2,,2,231,,81,90,1,7,2
1968-124,1968-124-01,1968-124-01-01,1968-124-01-01-01,6/9/69,6,395 U.S. 444,89 S. Ct. 1827,23 L. Ed. 2d 430,1969 U.S. LEXIS 1367,1968,1411,Warren,492,BRANDENBURG v. OHIO,2/27/69,,218,,28,41,2,,,0,302,41,300,41,0,1,9,1,3,3,0,1,1,0,30010,3,2,0,2,,2,200,,,90,1,8,0
1968-131,1968-131-01,1968-131-01-01,1968-131-01-01-01,6/16/69,1,395 U.S. 653,89 S. Ct. 1902,23 L. Ed. 2d 610,1969 U.S. LEXIS 3099,1968,1411,Warren,56,"LEAR, INC. v. ADKINS",11/20/68,,103,,172,,1,,,0,302,6,300,6,0,11,3,2,1,5,0,1,1,1,80180,8,1,0,7,,5,507,,91,91,1,5,3
1968-136,1968-136-01,1968-136-01-01,1968-136-01-01-01,6/23/69,1,395 U.S. 752,89 S. Ct. 2034,23 L. Ed. 2d 685,1969 U.S. LEXIS 1166,1968,1411,Warren,770,CHIMEL v. CALIFORNIA,3/27/69,,110,,28,6,1,,,0,302,6,300,6,0,11,2,1,1,3,0,1,1,0,10050,1,2,0,2,,2,205,,94,90,1,6,2
1968-137,1968-137-01,1968-137-01-01,1968-137-01-01-01,6/23/69,1,395 U.S. 784,89 S. Ct. 2056,23 L. Ed. 2d 707,1969 U.S. LEXIS 1167,1968,1411,Warren,201,BENTON v. MARYLAND,3/24/69,,100,,28,25,1,,,0,302,25,301,25,0,12,2,1,1,4,0,1,1,0,10170,1,2,0,2,7,2,206,,98,90,1,6,2
1969-072,1969-072-01,1969-072-01-01,1969-072-01-01-01,4/6/70,1,397 U.S. 436,90 S. Ct. 1189,25 L. Ed. 2d 469,1970 U.S. LEXIS 54,1969,1501,Burger,57,"ASHE v. SWENSON, WARDEN",11/13/69,,126,,28,30,1,,,0,87,,28,,0,10,2,1,1,3,0,1,1,0,10170,1,2,0,2,,2,206,,94,78,1,7,1
1969-102,1969-102-01,1969-102-01-01,1969-102-01-01-01,6/1/70,1,398 U.S. 235,90 S. Ct. 1583,26 L. Ed. 2d 199,1970 U.S. LEXIS 79,1969,1501,Burger,768,"BOYS MARKETS, INC. v. RETAIL CLERKS UNION, LOCAL 770",4/21/70,,151,,249,,1,,,0,48,,29,,0,12,3,2,1,4,0,1,1,0,70010,7,1,0,4,,3,357,,92,99,1,5,2
1969-110,1969-110-01,1969-110-01-01,1969-110-01-01-01,6/15/70,1,398 U.S. 323,90 S. Ct. 1757,26 L. Ed. 2d 300,1970 U.S. LEXIS 22,1969,1502,Burger,269,PRICE v. GEORGIA,4/27/70,,126,,28,13,1,,,0,302,13,300,13,0,12,2,1,1,4,0,1,1,0,10170,1,2,0,2,,2,206,,99,99,1,8,0
1969-112,1969-112-01,1969-112-01-01,1969-112-01-01-01,6/15/70,1,398 U.S. 375,90 S. Ct. 1772,26 L. Ed. 2d 339,1970 U.S. LEXIS 76,1969,1502,Burger,175,"MORAGNE v. STATES MARINE LINES, INC., et al.",3/4/70,,145,,116,,1,,,0,56,,25,,0,10,2,1,1,4,0,1,1,0,80050,8,2,0,7,,,,,91,99,1,8,0
1969-121,1969-121-01,1969-121-01-01,1969-121-01-01-01,6/22/70,1,399 U.S. 78,90 S. Ct. 1893,26 L. Ed. 2d 446,1970 U.S. LEXIS 98,1969,1502,Burger,927,WILLIAMS v. FLORIDA,3/4/70,,100,,28,12,1,,,0,302,12,301,12,0,12,2,1,1,2,0,0,1,0,10090,1,1,0,2,,2,210,,95,99,1,6,2
1970-095,1970-095-01,1970-095-01-01,1970-095-01-01-01,5/3/71,1,402 U.S. 313,91 S. Ct. 1434,28 L. Ed. 2d 788,1971 U.S. LEXIS 119,1970,1502,Burger,338,"BLONDER-TONGUE LABORATORIES, INC. v. UNIVERSITY OF ILLINOIS FOUNDATION et al.",1/14/71,,184,,172,,1,,,0,66,,27,,0,2,2,1,1,5,0,1,1,0,80180,8,2,0,7,,5,507,,95,99,1,9,0
1970-115,1970-115-01,1970-115-01-01,1970-115-01-01-01,6/1/71,1,402 U.S. 637,91 S. Ct. 1704,29 L. Ed. 2d 233,1971 U.S. LEXIS 127,1970,1502,Burger,5175,"PEREZ ET UX. v. CAMPBELL, SUPERINTENDENT, MOTOR VEHICLE DIVISION, ARIZONA HIGHWAY DEPARTMENT, et al.",1/19/71,,177,,28,4,1,117,4,0,45,,29,,0,12,2,1,3,4,0,1,1,0,80030,8,2,0,4,,3,307,,95,78,1,5,4
1970-123,1970-123-01,1970-123-01-01,1970-123-01-01-01,6/7/71,1,403 U.S. 88,91 S. Ct. 1790,29 L. Ed. 2d 338,1971 U.S. LEXIS 3774,1970,1502,Burger,144,GRIFFIN et al. v. BRECKENRIDGE et al.,1/13/71,,222,,214,,1,,,0,85,,25,,0,12,2,1,1,4,0,1,1,0,20400,2,2,0,4,,3,315,,94,99,1,9,0
1971-075,1971-075-01,1971-075-01-01,1971-075-01-01-01,3/21/72,1,405 U.S. 330,92 S. Ct. 995,31 L. Ed. 2d 274,1972 U.S. LEXIS 75,1971,1504,Burger,70-13,"DUNN, GOVERNOR OF TENNESSEE, et al. v. BLUMSTEIN",11/16/71,,28,50,251,,2,117,50,1,117,,117,,0,1,,2,3,2,0,0,1,0,20220,2,2,0,2,,2,231,,98,81,1,6,1
1971-094,1971-094-01,1971-094-01-01,1971-094-01-01-01,4/24/72,1,406 U.S. 91,92 S. Ct. 1385,31 L. Ed. 2d 712,1972 U.S. LEXIS 107,1971,1504,Burger,49 ORIG,"ILLINOIS v. CITY OF MILWAUKEE, WISCONSIN, et al.",2/29/72,,28,17,3,58,9,,,0,,,,,0,1,,,1,,0,0,1,0,80130,8,1,0,4,,6,600,28 U.S.C. § 1251,81,99,1,9,0
1971-106,1971-106-01,1971-106-01-01,1971-106-01-01-01,5/15/72,1,406 U.S. 320,92 S. Ct. 1562,32 L. Ed. 2d 95,1972 U.S. LEXIS 106,1971,1504,Burger,71-300,ANDREWS v. LOUISVILLE & NASHVILLE RAILROAD CO. et al.,3/22/72,,145,,231,,1,,,0,60,,25,,0,12,2,1,1,2,0,0,1,0,80050,8,1,0,4,,3,363,,102,99,1,7,1
1972-056,1972-056-01,1972-056-01-01,1972-056-01-01-01,2/22/73,1,410 U.S. 356,93 S. Ct. 1001,35 L. Ed. 2d 351,1973 U.S. LEXIS 135,1972,1504,Burger,71-685,"LEHNHAUSEN, DIRECTOR, DEPARTMENT OF LOCAL GOVERNMENT AFFAIRS OF ILLINOIS v. LAKE SHORE AUTO PARTS CO. et al.",1/15/73,,28,17,195,,1,,,0,302,17,300,17,1,12,,1,1,3,0,1,1,0,80100,8,2,0,2,,2,231,,81,99,1,9,0
1972-065,1972-065-01,1972-065-01-01,1972-065-01-01-01,2/28/73,1,410 U.S. 484,93 S. Ct. 1123,35 L. Ed. 2d 443,1973 U.S. LEXIS 17,1972,1504,Burger,71-6516,BRADEN v. 30TH JUDICIAL CIRCUIT COURT OF KENTUCKY,12/5/72,,100,,6,21,1,,,0,74,,26,,0,2,3,1,1,4,0,1,1,0,10020,1,2,0,4,,3,341,,92,81,1,6,3
1972-158,1972-158-01,1972-158-01-01,1972-158-01-01-01,6/21/73,1,413 U.S. 15,93 S. Ct. 2607,37 L. Ed. 2d 419,1973 U.S. LEXIS 149,1972,1504,Burger,70-73,MILLER v. CALIFORNIA,1/18/72,11/7/72,101,,28,6,2,,,0,302,6,302,6,0,1,2,1,1,5,0,1,1,0,30190,3,1,1,2,,2,200,,99,99,1,5,4
1973-020,1973-020-01,1973-020-01-01,1973-020-01-01-01,12/5/73,1,414 U.S. 156,94 S. Ct. 407,38 L. Ed. 2d 379,1973 U.S. LEXIS 181,1973,1504,Burger,72-1176,"NORTH DAKOTA STATE BOARD OF PHARMACY v. SNYDER'S DRUG STORES, INC.",11/6/73,,4,39,144,,1,117,39,0,302,39,300,39,0,12,11,1,1,4,0,1,1,0,80110,8,2,0,2,,2,230,,81,99,1,9,0
1973-077,1973-077-01,1973-077-01-01,1973-077-01-01-01,3/25/74,1,415 U.S. 651,94 S. Ct. 1347,39 L. Ed. 2d 662,1974 U.S. LEXIS 115,1973,1504,Burger,72-1410,"EDELMAN, DIRECTOR, DEPARTMENT OF PUBLIC AID OF ILLINOIS v. JORDAN",12/12/73,,19,17,164,,1,117,17,0,66,,27,,0,4,2,2,1,4,0,1,1,0,20180,2,1,0,2,,2,224,,102,99,1,5,4
1973-102,1973-102-01,1973-102-01-01,1973-102-01-01-01,5/13/74,1,416 U.S. 600,94 S. Ct. 1895,40 L. Ed. 2d 406,1974 U.S. LEXIS 137,1973,1504,Burger,72-6160,MITCHELL v. W. T. GRANT CO.,12/4/73,,134,,135,,1,,,0,302,22,300,22,0,12,2,1,1,2,0,0,1,0,20100,2,1,0,2,,2,230,,95,99,1,5,4
1974-025,1974-025-01,1974-025-01-01,1974-025-01-01-01,1/21/75,1,419 U.S. 522,95 S. Ct. 692,42 L. Ed. 2d 690,1975 U.S. LEXIS 2,1974,1504,Burger,73-5744,TAYLOR v. LOUISIANA,10/16/74,,179,,28,22,2,,,0,302,22,300,22,1,1,2,1,3,4,0,1,1,0,20130,2,2,0,2,,2,215,,95,99,1,8,1
1974-098,1974-098-01,1974-098-01-01,1974-098-01-01-01,5/19/75,1,421 U.S. 397,95 S. Ct. 1708,44 L. Ed. 2d 250,1975 U.S. LEXIS 151,1974,1504,Burger,74-363,"UNITED STATES v. RELIABLE TRANSFER CO., INC.",3/19/75,,27,,116,,1,,,0,94,,22,,0,11,2,1,1,5,0,1,1,0,80060,8,1,0,7,,3,374,NA,94,99,1,9,0
1975-024,1975-024-01,1975-024-01-01,1975-024-01-01-01,1/14/76,1,423 U.S. 276,96 S. Ct. 535,46 L. Ed. 2d 495,1976 U.S. LEXIS 120,1975,1506,Burger,74-1396,"MICHELIN TIRE CORP. v. WAGES, TAX COMMISSIONER, et al.",10/15/75,,252,,5,13,1,117,13,0,302,13,300,13,0,12,6,2,1,2,0,0,1,0,80100,8,2,0,2,,1,129,,92,99,1,8,0
1975-026,1975-026-01,1975-026-01-01,1975-026-01-01-01,1/19/76,2,423 U.S. 325,96 S. Ct. 579,46 L. Ed. 2d 531,1976 U.S. LEXIS 39,1975,1506,Burger,75-543,DOVE v. UNITED STATES,,,100,,27,,1,,,0,98,,24,,0,12,2,1,1,9,0,0,1,0,90200,9,1,0,3,,,,,,99,1,8,1
1975-044,1975-044-01,1975-044-01-01,1975-044-01-01-01,3/3/76,1,424 U.S. 507,96 S. Ct. 1029,47 L. Ed. 2d 196,1976 U.S. LEXIS 5,1975,1506,Burger,74-773,HUDGENS v. NATIONAL LABOR RELATIONS BOARD et al.,10/14/75,,235,,382,,1,82,,0,25,,25,,0,10,2,2,1,5,0,1,1,0,30010,3,1,0,1,,2,200,,94,99,1,6,2
1975-098,1975-098-01,1975-098-01-01,1975-098-01-01-01,5/24/76,1,425 U.S. 748,96 S. Ct. 1817,48 L. Ed. 2d 346,1976 U.S. LEXIS 55,1975,1506,Burger,74-895,"VIRGINIA STATE BOARD OF PHARMACY et al. v. VIRGINIA CITIZENS CONSUMER COUNCIL, INC., et al.",11/11/75,,4,55,134,,2,,,1,126,,126,,0,1,,2,3,2,0,0,1,0,30020,3,2,0,2,,2,200,,100,99,1,7,1
1975-143,1975-143-01,1975-143-01-01,1975-143-01-01-01,6/24/76,1,426 U.S. 833,96 S. Ct. 2465,49 L. Ed. 2d 245,1976 U.S. LEXIS 158,1975,1506,Burger,74-878,"NATIONAL LEAGUE OF CITIES et al. v. USERY, SECRETARY OF LABOR",4/16/75,3/2/76,207,,371,,2,,,1,55,,55,,0,1,,2,2,4,0,1,1,0,70040,7,1,0,1,,1,111,,102,99,1,5,4
1975-149,1975-149-01,1975-149-01-01,1975-149-01-01-01,6/25/76,1,427 U.S. 132,96 S. Ct. 2548,49 L. Ed. 2d 396,1976 U.S. LEXIS 159,1975,1506,Burger,75-185,"LODGE 76, INTERNATIONAL ASSOCIATION OF MACHINISTS & AEROSPACE WORKERS, AFL-CIO, et al. v. WISCONSIN EMPLOYMENT RELATIONS COMMISSION et al.",3/22/76,,249,,4,58,1,117,58,0,302,58,300,58,0,12,2,1,1,3,0,1,1,0,100020,10,2,0,4,,3,356,,92,99,1,6,3
1975-155,1975-155-01,1975-155-01-01,1975-155-01-01-01,6/25/76,6,427 U.S. 297,96 S. Ct. 2513,49 L. Ed. 2d 511,1976 U.S. LEXIS 75,1975,1506,Burger,74-775,"CITY OF NEW ORLEANS et al. v. DUKES, DBA LOUISIANA CONCESSIONS",11/11/75,,3,22,228,,2,,,0,75,,25,,0,1,4,2,1,4,0,1,1,0,80110,8,1,0,2,,2,231,,,99,1,8,0
1975-173,1975-173-01,1975-173-01-01,1975-173-01-01-01,7/2/76,7,428 U.S. 153,96 S. Ct. 2909,49 L. Ed. 2d 859,1976 U.S. LEXIS 82,1975,1506,Burger,74-6257,GREGG v. GEORGIA,3/31/76,,126,,28,13,1,,,0,302,13,300,13,0,11,12,1,1,2,0,0,1,0,10130,1,1,0,2,,2,221,,94,99,1,7,2
1976-006,1976-006-01,1976-006-01-01,1976-006-01-01-01,10/18/76,2,429 U.S. 17,97 S. Ct. 31,50 L. Ed. 2d 21,1976 U.S. LEXIS 167,1976,1506,Burger,72-1251,STANDARD OIL CO. OF CALIFORNIA v. UNITED STATES,,,198,,27,,1,,,0,50,,50,,0,,,1,1,9,0,1,1,0,90110,9,2,0,4,,4,400,,,99,1,8,0
1976-025,1976-025-01,1976-025-01-01,1976-025-01-01-01,12/20/76,1,429 U.S. 190,97 S. Ct. 451,50 L. Ed. 2d 397,1976 U.S. LEXIS 183,1976,1506,Burger,75-628,"CRAIG et al. v. BOREN, GOVERNOR OF OKLAHOMA, et al.",10/5/76,,179,,28,42,2,,,1,107,,107,,0,1,,1,3,3,0,1,1,0,20130,2,2,0,2,,2,231,,92,92,1,7,2
1976-035,1976-035-01,1976-035-01-01,1976-035-01-01-01,1/12/77,1,429 U.S. 363,97 S. Ct. 582,50 L. Ed. 2d 550,1977 U.S. LEXIS 8,1976,1506,Burger,75-567,OREGON ex rel. STATE LAND BOARD v. CORVALLIS SAND & GRAVEL CO.,10/4/76,,28,43,187,,1,,,0,302,43,300,43,0,12,2,2,1,5,0,1,1,0,100130,10,1,0,7,,,,,102,99,1,6,3
1976-064,1976-064-01,1976-064-01-01,1976-064-01-01-01,3/7/77,1,430 U.S. 274,97 S. Ct. 1076,51 L. Ed. 2d 326,1977 U.S. LEXIS 56,1976,1506,Burger,76-29,"COMPLETE AUTO TRANSIT, INC. v. BRADY, CHAIRMAN, MISSISSIPPI TAX COMMISSION",1/19/77,,245,,28,29,2,117,29,0,302,29,300,29,0,1,2,2,1,2,0,0,1,0,80100,8,2,0,2,,1,111,,100,99,1,9,0
1976-161,1976-161-01,1976-161-01-01,1976-161-01-01-01,6/23/77,1,433 U.S. 36,97 S. Ct. 2549,53 L. Ed. 2d 568,1977 U.S. LEXIS 134,1976,1506,Burger,76-15,"CONTINENTAL T.V., INC., et al. v. GTE SYLVANIA INC.",2/28/77,,161,,184,,1,,,0,50,,29,,1,10,3,1,1,2,0,0,1,0,80010,8,1,0,4,,3,367,,101,99,1,6,2
1976-166,1976-166-01,1976-166-01-01,1976-166-01-01-01,6/24/77,1,433 U.S. 186,97 S. Ct. 2569,53 L. Ed. 2d 683,1977 U.S. LEXIS 139,1976,1506,Burger,75-1812,SHAFFER et al. v. HEITNER,2/22/77,,200,,193,,2,,,0,302,9,300,9,0,1,2,1,3,3,0,1,1,0,40060,4,2,0,2,,2,230,,98,99,1,7,1
1977-072,1977-072-01,1977-072-01-01,1977-072-01-01-01,4/26/78,1,435 U.S. 734,98 S. Ct. 1388,55 L. Ed. 2d 682,1978 U.S. LEXIS 24,1977,1506,Burger,76-1706,DEPARTMENT OF REVENUE OF WASHINGTON v. ASSOCIATION OF WASHINGTON STEVEDORING COMPANIES et al.,1/16/78,,7,56,234,,1,117,56,0,302,56,300,56,1,11,2,1,1,4,0,1,1,0,80100,8,2,0,2,,1,111,,100,99,1,8,0
1977-103,1977-103-01,1977-103-01-01,1977-103-01-01-01,6/6/78,1,436 U.S. 658,98 S. Ct. 2018,56 L. Ed. 2d 611,1978 U.S. LEXIS 100,1977,1506,Burger,75-1914,MONELL et al. v. DEPARTMENT OF SOCIAL SERVICES OF THE CITY OF NEW YORK et al.,11/2/77,,9,37,3,37,1,117,37,0,96,,22,,0,11,2,1,1,3,0,1,1,0,20400,2,2,0,4,7,3,314,,92,92,1,7,2
1977-109,1977-109-01,1977-109-01-01,1977-109-01-01-01,6/14/78,1,437 U.S. 1,98 S. Ct. 2141,57 L. Ed. 2d 1,1978 U.S. LEXIS 3,1977,1506,Burger,76-6528,BURKS v. UNITED STATES,11/28/77,,136,,27,,1,,,0,117,,26,,0,11,3,1,1,4,0,1,1,0,10170,1,2,0,1,,2,206,,99,99,1,8,0
1977-113,1977-113-01,1977-113-01-01,1977-113-01-01-01,6/14/78,1,437 U.S. 82,98 S. Ct. 2187,57 L. Ed. 2d 65,1978 U.S. LEXIS 109,1977,1506,Burger,76-1382,UNITED STATES v. SCOTT,2/21/78,,27,,100,,1,,,0,82,,26,,0,11,9,2,1,4,0,1,1,0,10170,1,1,0,1,,2,206,,102,99,1,5,4
1978-023,1978-023-01,1978-023-01-01,1978-023-01-01-01,1/9/79,1,439 U.S. 357,99 S. Ct. 664,58 L. Ed. 2d 579,1979 U.S. LEXIS 208,1978,1506,Burger,77-6067,DUREN v. MISSOURI,11/1/78,,100,,28,30,1,,,0,302,30,300,30,0,6,2,1,3,4,0,1,1,0,20130,2,2,0,2,,2,217,,95,99,1,8,1
1978-080,1978-080-01,1978-080-01-01,1978-080-01-01-01,4/24/79,1,441 U.S. 322,99 S. Ct. 1727,60 L. Ed. 2d 250,1979 U.S. LEXIS 35,1978,1506,Burger,77-1439,HUGHES v. OKLAHOMA,1/9/79,,157,,28,42,2,,,0,302,42,300,42,0,1,2,1,3,3,0,1,1,0,100080,10,2,0,2,,1,111,,92,92,1,7,2
1979-044,1979-044-01,1979-044-01-01,1979-044-01-01-01,2/27/80,1,445 U.S. 40,100 S. Ct. 906,63 L. Ed. 2d 186,1980 U.S. LEXIS 84,1979,1506,Burger,78-5705,TRAMMEL v. UNITED STATES,10/29/79,,100,,27,,1,,,0,52,,30,,0,11,2,1,1,2,0,0,1,0,90110,9,1,0,7,,,,,99,99,1,9,0
1979-140,1979-140-01,1979-140-01-01,1979-140-01-01-01,6/25/80,1,448 U.S. 83,100 S. Ct. 2547,65 L. Ed. 2d 619,1980 U.S. LEXIS 141,1979,1506,Burger,79-244,UNITED STATES v. SALVUCCI et al.,3/26/80,,27,,100,,1,,,0,80,,21,,0,2,2,2,1,4,0,1,1,0,10050,1,1,0,1,,2,205,,102,99,1,7,2
1979-147,1979-147-01,1979-147-01-01,1979-147-01-01-01,6/27/80,7,448 U.S. 261,100 S. Ct. 2647,65 L. Ed. 2d 757,1980 U.S. LEXIS 54,1979,1506,Burger,79-116,THOMAS v. WASHINGTON GAS LIGHT CO. et al.,3/19/80,,145,,151,,1,11,,0,24,,24,,0,12,3,1,1,4,0,1,1,0,80050,8,2,0,1,,1,143,,103,99,1,7,2
1980-151,1980-151-01,1980-151-01-01,1980-151-01-01-01,7/2/81,1,453 U.S. 609,101 S. Ct. 2946,69 L. Ed. 2d 884,1981 U.S. LEXIS 43,1980,1506,Burger,80-581,COMMONWEALTH EDISON CO. et al. v. MONTANA et al.,3/30/81,,132,,28,31,2,,,0,302,31,300,31,0,1,2,2,1,2,0,0,1,0,80100,8,2,0,2,,1,111,,98,99,1,6,3
1981-103,1981-103-01,1981-103-01-01,1981-103-01-01-01,6/1/82,1,456 U.S. 798,102 S. Ct. 2157,72 L. Ed. 2d 572,1982 U.S. LEXIS 18,1981,1507,Burger,80-2209,UNITED STATES v. ROSS,3/1/82,,27,,100,,1,,,0,55,,32,,1,12,3,2,1,4,0,1,1,0,10060,1,1,0,1,,2,205,,103,99,1,6,3
1981-176,1981-176-01,1981-176-01-01,1981-176-01-01-01,7/2/82,1,458 U.S. 941,102 S. Ct. 3456,73 L. Ed. 2d 1254,1982 U.S. LEXIS 13,1981,1507,Burger,81-613,"SPORHASE et al. v. NEBRASKA EX REL. DOUGLAS, ATTORNEY GENERAL",3/30/82,,195,,28,32,2,,,0,302,32,300,32,1,1,2,1,3,4,0,1,1,0,100080,10,2,0,2,4,1,111,,103,99,1,7,2
1982-103,1982-103-01,1982-103-01-01,1982-103-01-01-01,6/8/83,1,462 U.S. 213,103 S. Ct. 2317,76 L. Ed. 2d 527,1983 U.S. LEXIS 54,1982,1507,Burger,81-430,ILLINOIS v. GATES ET UX.,10/13/82,3/1/83,28,17,100,,1,,,0,302,17,300,17,1,11,2,2,1,3,0,1,1,0,10050,1,1,0,2,,2,205,,102,99,1,6,3
1982-163,1982-163-01,1982-163-01-01,1982-163-01-01-01,7/6/83,1,463 U.S. 1032,103 S. Ct. 3469,77 L. Ed. 2d 1201,1983 U.S. LEXIS 7,1982,1507,Burger,82-256,MICHIGAN v. LONG,2/23/83,,28,27,100,,1,,,0,302,27,300,27,1,10,3,2,1,4,0,1,1,0,10060,1,1,0,2,,2,205,,104,99,1,6,3
1983-029,1983-029-01,1983-029-01-01,1983-029-01-01-01,1/23/84,1,465 U.S. 89,104 S. Ct. 900,79 L. Ed. 2d 67,1984 U.S. LEXIS 4,1983,1507,Burger,81-2101,PENNHURST STATE SCHOOL AND HOSPITAL et al. v. HALDERMAN et al.,2/22/83,10/3/83,167,,229,,1,117,45,0,109,,23,,1,12,2,2,1,4,0,1,1,0,100120,10,1,0,2,,2,224,,101,99,1,5,4
1983-038,1983-038-01,1983-038-01-01,1983-038-01-01-01,2/22/84,1,465 U.S. 354,104 S. Ct. 1099,79 L. Ed. 2d 361,1984 U.S. LEXIS 31,1983,1507,Burger,82-1047,UNITED STATES v. ONE ASSORTMENT OF 89 FIREARMS,11/30/83,,27,,195,,1,,,0,114,,24,,1,11,3,2,1,4,0,1,1,0,10170,1,1,0,1,,2,206,,99,99,1,9,0
1983-074,1983-074-01,1983-074-01-01,1983-074-01-01-01,4/18/84,1,466 U.S. 353,104 S. Ct. 1837,80 L. Ed. 2d 356,1984 U.S. LEXIS 62,1983,1507,Burger,83-96,"LIMBACH, TAX COMMISSIONER OF OHIO v. HOOVEN & ALLISON CO.",2/22/84,,28,41,184,,1,117,41,0,302,41,300,41,0,12,3,1,1,5,0,1,1,0,80100,8,2,0,2,,1,129,,100,99,1,9,0
1983-131,1983-131-01,1983-131-01-01,1983-131-01-01-01,6/19/84,1,467 U.S. 752,104 S. Ct. 2731,81 L. Ed. 2d 628,1984 U.S. LEXIS 115,1983,1507,Burger,82-1260,COPPERWELD CORP. et al. v. INDEPENDENCE TUBE CORP.,12/5/83,,184,,184,,1,,,0,66,,27,,0,11,2,2,1,3,0,1,1,0,80010,8,1,0,4,,3,367,,99,99,1,5,3
1984-029,1984-029-01,1984-029-01-01,1984-029-01-01-01,2/19/85,1,469 U.S. 528,105 S. Ct. 1005,83 L. Ed. 2d 1016,1985 U.S. LEXIS 48,1984,1507,Burger,82-1913,GARCIA v. SAN ANTONIO METROPOLITAN TRANSIT AUTHORITY et al.,3/19/84,10/1/84,8,51,18,51,2,71,,0,122,,122,,0,1,,1,1,4,0,1,1,0,70040,7,2,0,1,,3,334,,100,92,1,5,4
1984-072,1984-072-01,1984-072-01-01,1984-072-01-01-01,4/1/85,1,471 U.S. 130,105 S. Ct. 1811,85 L. Ed. 2d 99,1985 U.S. LEXIS 200,1984,1507,Burger,83-1750,UNITED STATES v. MILLER,1/16/85,,27,,137,,1,,,0,50,,29,,0,12,8,2,1,3,0,1,1,0,10600,1,1,0,1,,2,208,,98,99,1,8,0
1985-024,1985-024-01,1985-024-01-01,1985-024-01-01-01,1/21/86,1,474 U.S. 327,106 S. Ct. 662,88 L. Ed. 2d 662,1986 U.S. LEXIS 43,1985,1507,Burger,84-5872,DANIELS v. WILLIAMS,11/6/85,,215,,19,55,1,,,0,126,,24,,1,2,2,1,1,2,0,0,1,0,20400,2,1,0,2,,2,230,,102,99,1,9,0
1985-029,1985-029-01,1985-029-01-01,1985-029-01-01-01,1/27/86,1,474 U.S. 438,106 S. Ct. 725,88 L. Ed. 2d 814,1986 U.S. LEXIS 48,1985,1507,Burger,84-744,UNITED STATES v. LANE et al.,10/9/85,,27,,100,,1,,,0,120,,25,,0,2,3,2,1,7,0,1,1,0,10370,1,1,0,4,,4,401,,99,99,1,5,4
1985-078,1985-078-01,1985-078-01-01,1985-078-01-01-01,4/30/86,1,476 U.S. 79,106 S. Ct. 1712,90 L. Ed. 2d 69,1986 U.S. LEXIS 150,1985,1507,Burger,84-6263,BATSON v. KENTUCKY,12/12/85,,100,,28,21,1,,,0,302,21,300,21,0,12,2,1,1,4,0,1,1,0,20040,2,2,0,2,,2,231,,101,92,1,7,2
1986-145,1986-145-01,1986-145-01-01,1986-145-01-01-01,6/23/87,1,483 U.S. 219,107 S. Ct. 2802,97 L. Ed. 2d 187,1987 U.S. LEXIS 2873,1986,1601,Rehnquist,85-2116,"PUERTO RICO v. BRANSTAD, GOVERNOR OF IOWA, et al.",3/30/87,,28,46,28,19,1,,,0,71,,28,,0,11,2,2,1,3,0,1,1,0,10320,1,1,0,2,,1,145,,98,102,1,9,0
1986-146,1986-146-01,1986-146-01-01,1986-146-01-01-01,6/23/87,1,483 U.S. 232,107 S. Ct. 2810,97 L. Ed. 2d 199,1987 U.S. LEXIS 2872,1986,1601,Rehnquist,85-1963,"TYLER PIPE INDUSTRIES, INC. v. WASHINGTON STATE DEPARTMENT OF REVENUE",3/2/87,,184,,7,56,2,,,0,302,56,300,56,0,1,2,2,3,5,0,1,1,0,80100,8,1,0,2,,1,111,,103,92,1,6,2
1986-153,1986-153-01,1986-153-01-01,1986-153-01-01-01,6/25/87,1,483 U.S. 435,107 S. Ct. 2924,97 L. Ed. 2d 364,1987 U.S. LEXIS 2892,1986,1601,Rehnquist,85-1581,SOLORIO v. UNITED STATES,2/24/87,,186,,27,,1,,,0,5,,4,,0,11,2,1,1,2,0,0,1,0,20240,2,1,0,1,,1,116,,102,102,1,6,3
1986-154,1986-154-01,1986-154-01-01,1986-154-01-01-01,6/25/87,7,483 U.S. 468,107 S. Ct. 2941,97 L. Ed. 2d 389,1987 U.S. LEXIS 2893,1986,1601,Rehnquist,85-1716,"WELCH v. TEXAS DEPARTMENT OF HIGHWAYS AND PUBLIC TRANSPORTATION, et al.",3/4/87,,8,51,7,51,1,,,0,121,,25,,1,12,2,1,1,2,0,0,1,0,80060,8,2,0,2,,2,224,NA,101,102,1,5,4
1987-049,1987-049-01,1987-049-01-01,1987-049-01-01-01,3/22/88,1,485 U.S. 271,108 S. Ct. 1133,99 L. Ed. 2d 296,1988 U.S. LEXIS 1444,1987,1603,Rehnquist,86-1329,GULFSTREAM AEROSPACE CORPORATION v. MAYACAMAS CORPORATION,12/7/87,,233,,123,,1,,,0,50,,29,,1,2,9,1,1,2,0,0,1,0,90380,9,1,0,4,,6,600,28 U.S.C. § 1291,98,102,1,8,0
1987-064,1987-064-01,1987-064-01-01,1987-064-01-01-01,4/20/88,1,485 U.S. 505,108 S. Ct. 1355,99 L. Ed. 2d 592,1988 U.S. LEXIS 1873,1987,1603,Rehnquist,94 ORIG,"SOUTH CAROLINA v. BAKER, SECRETARY OF THE TREASURY",12/7/87,,28,48,408,,9,,,0,,,,,0,1,,,1,,0,0,1,0,100060,10,2,0,1,,3,345,,92,102,1,7,1
1988-085,1988-085-01,1988-085-01-01,1988-085-01-01-01,5/15/89,1,490 U.S. 401,109 S. Ct. 1874,104 L. Ed. 2d 459,1989 U.S. LEXIS 2437,1988,1603,Rehnquist,87-1344,"THORNBURGH, ATTORNEY GENERAL OF THE UNITED STATES, et al. v. ABBOTT et al.",11/8/88,,1,,215,,1,36,,0,55,,32,,0,11,3,2,1,5,0,1,1,0,30010,3,1,0,1,,2,200,,100,102,1,6,3
1988-088,1988-088-01,1988-088-01-01,1988-088-01-01-01,5/15/89,1,490 U.S. 477,109 S. Ct. 1917,104 L. Ed. 2d 526,1989 U.S. LEXIS 2397,1988,1603,Rehnquist,88-385,"RODRIGUEZ DE QUIJAS et al. v. SHEARSON/AMERICAN EXPRESS, INC.",3/27/89,,173,,119,,1,,,0,121,,25,,0,12,3,1,1,2,0,0,1,0,80120,8,1,0,4,,3,365,,106,102,1,5,4
1988-103,1988-103-01,1988-103-01-01,1988-103-01-01-01,6/12/89,1,490 U.S. 794,109 S. Ct. 2201,104 L. Ed. 2d 865,1989 U.S. LEXIS 2839,1988,1603,Rehnquist,88-333,ALABAMA v. SMITH,4/24/89,,28,1,100,,1,,,0,302,1,300,1,1,5,4,2,1,4,0,1,1,0,10170,1,1,0,2,,2,206,,102,102,1,8,1
1988-121,1988-121-01,1988-121-01-01,1988-121-01-01-01,6/19/89,1,491 U.S. 324,109 S. Ct. 2491,105 L. Ed. 2d 275,1989 U.S. LEXIS 3041,1988,1603,Rehnquist,88-449,HEALY et al. v. THE BEER INSTITUTE et al.,3/28/89,,19,8,105,,2,117,8,0,53,,22,,0,1,3,2,3,2,0,0,1,0,80110,8,2,0,2,,1,111,,100,92,1,6,3
1989-023,1989-023-01,1989-023-01-01,1989-023-01-01-01,1/17/90,1,493 U.S. 400,110 S. Ct. 701,107 L. Ed. 2d 816,1990 U.S. LEXIS 486,1989,1603,Rehnquist,87-2066,"W. S. KIRKPATRICK & CO., INC., et al. v. ENVIRONMENTAL TECTONICS CORP., INTERNATIONAL",11/27/89,,176,,176,,1,,,0,92,,23,,0,12,3,2,1,2,0,0,1,0,90490,9,2,0,7,,,,,105,102,1,9,0
1989-119,1989-119-01,1989-119-01-01,1989-119-01-01-01,6/21/90,1,497 U.S. 37,110 S. Ct. 2715,111 L. Ed. 2d 30,1990 U.S. LEXIS 3294,1989,1603,Rehnquist,89-742,"COLLINS, DIRECTOR, TEXAS DEPARTMENT OF CRIMINAL JUSTICE, INSTITUTIONAL DIVISION v. YOUNGBLOOD",3/19/90,,28,51,126,,1,,,0,119,,25,,0,11,3,2,1,3,0,1,1,0,10180,1,1,0,2,,1,127,,102,102,1,9,0
1990-051,1990-051-01,1990-051-01-01,1990-051-01-01-01,3/26/91,1,499 U.S. 279,111 S. Ct. 1246,113 L. Ed. 2d 302,1991 U.S. LEXIS 1854,1990,1604,Rehnquist,89-839,ARIZONA v. FULMINANTE,10/10/90,,28,4,100,,1,,,0,302,4,300,4,0,5,4,2,1,2,0,0,1,0,10010,1,2,0,2,,2,230,,95,95,1,5,4
1990-092,1990-092-01,1990-092-01-01,1990-092-01-01-01,5/30/91,1,500 U.S. 565,111 S. Ct. 1982,114 L. Ed. 2d 619,1991 U.S. LEXIS 3016,1990,1604,Rehnquist,89-1690,CALIFORNIA v. CHARLES STEVEN ACEVEDO,1/8/91,,28,6,100,,1,,,0,302,6,301,6,0,13,3,2,1,4,0,1,1,0,10060,1,1,0,2,,2,205,,100,102,1,6,3
1990-093,1990-093-01,1990-093-01-01,1990-093-01-01-01,6/3/91,1,500 U.S. 603,111 S. Ct. 2071,114 L. Ed. 2d 649,1991 U.S. LEXIS 3022,1990,1604,Rehnquist,90-34,"EXXON CORPORATION v. CENTRAL GULF LINES, INC., et al.",4/15/91,,198,,116,,1,,,0,96,,22,,0,2,2,1,1,4,0,1,1,0,90400,9,2,0,4,,6,600,28 U.S.C. § 1333,98,102,1,9,0
1990-122,1990-122-01,1990-122-01-01,1990-122-01-01-01,6/24/91,1,501 U.S. 722,111 S. Ct. 2546,115 L. Ed. 2d 640,1991 U.S. LEXIS 3640,1990,1604,Rehnquist,89-7662,"ROGER KEITH COLEMAN v. CHARLES E. THOMPSON, WARDEN",2/25/91,,126,,28,55,1,,,0,127,,24,,0,11,6,1,1,2,0,0,1,0,10020,1,1,0,7,3,,,,104,102,1,6,3
1990-125,1990-125-01,1990-125-01-01,1990-125-01-01-01,6/27/91,1,501 U.S. 808,111 S. Ct. 2597,115 L. Ed. 2d 720,1991 U.S. LEXIS 3821,1990,1604,Rehnquist,90-5721,PERVIS TYRONE PAYNE v. TENNESSEE,4/24/91,,126,,28,50,1,,,0,302,50,300,50,0,13,2,1,1,2,0,0,1,0,10130,1,1,0,2,,2,221,,102,102,1,6,3
1991-066,1991-066-01,1991-066-01-01,1991-066-01-01-01,5/4/92,1,504 U.S. 1,112 S. Ct. 1715,118 L. Ed. 2d 318,1992 U.S. LEXIS 2690,1991,1605,Rehnquist,90-1859,"J. C. KEENEY, SUPERINTENDENT, OREGON STATE PENITENTIARY v. JOSE TAMAYO-REYES",1/15/92,,28,43,126,,1,,,0,108,,29,,0,11,3,2,1,4,0,1,1,0,10020,1,1,0,3,,,,,95,102,1,5,4
1991-077,1991-077-01,1991-077-01-01,1991-077-01-01-01,5/26/92,1,504 U.S. 298,112 S. Ct. 1904,119 L. Ed. 2d 91,1992 U.S. LEXIS 3123,1991,1605,Rehnquist,91-194,"QUILL CORPORATION v. NORTH DAKOTA BY AND THROUGH ITS TAX COMMISSIONER, HEIDI HEITKAMP",1/22/92,,238,,28,39,1,,,0,302,39,300,39,0,12,3,2,3,4,0,1,1,0,80100,8,1,0,2,,2,230,,103,102,1,8,1
1991-117,1991-117-01,1991-117-01-01,1991-117-01-01-01,6/29/92,1,505 U.S. 833,112 S. Ct. 2791,120 L. Ed. 2d 674,1992 U.S. LEXIS 4751,1991,1605,Rehnquist,91-744,"PLANNED PARENTHOOD OF SOUTHEASTERN PENNSYLVANIA, et al. v. ROBERT P. CASEY, et al., ETC.",4/22/92,,165,,28,45,1,,,0,109,,23,,0,12,6,1,3,7,0,1,1,0,50020,5,2,0,2,,2,230,,,100,1,5,4
1992-117,1992-117-01,1992-117-01-01,1992-117-01-01-01,6/28/93,1,509 U.S. 688,113 S. Ct. 2849,125 L. Ed. 2d 556,1993 U.S. LEXIS 4405,1992,1605,Rehnquist,91-1231,UNITED STATES v. ALVIN J. DIXON AND MICHAEL FOSTER,12/2/92,,27,,100,,1,,,0,302,10,300,10,0,12,6,2,1,7,0,0,1,0,10170,1,2,0,1,,2,206,NA,105,95,1,5,4
1993-061,1993-061-01,1993-061-01-01,1993-061-01-01-01,6/6/94,1,511 U.S. 738,114 S. Ct. 1921,128 L. Ed. 2d 745,1994 U.S. LEXIS 4277,1993,1606,Rehnquist,92-8556,KENNETH O. NICHOLS v. UNITED STATES,1/10/94,,126,,27,,1,,,0,116,,26,,1,5,2,1,1,2,0,0,1,0,10120,1,1,0,1,,2,214,,102,102,1,6,3
1993-078,1993-078-01,1993-078-01-01,1993-078-01-01-01,6/20/94,1,512 U.S. 267,114 S. Ct. 2251,129 L. Ed. 2d 221,1994 U.S. LEXIS 4669,1993,1606,Rehnquist,93-744,"DIRECTOR, OFFICE OF WORKERS' COMPENSATION PROGRAMS, DEPARTMENT OF LABOR v. GREENWICH COLLIERIES",4/25/94,,393,,151,,1,71,,0,23,,23,,0,2,5,1,1,2,0,0,1,0,80040,8,1,0,4,,3,305,,104,102,1,6,3
1994-055,1994-055-01,1994-055-01-01,1994-055-01-01-01,5/15/95,1,514 U.S. 695,115 S. Ct. 1754,131 L. Ed. 2d 779,1995 U.S. LEXIS 3184,1994,1607,Rehnquist,94-172,JOHN BRUCE HUBBARD v. UNITED STATES,2/21/95,,114,,27,,1,,,0,81,,26,,1,2,2,1,1,3,0,1,1,0,10420,1,2,0,4,,6,600,18 U.S.C. § 1001,103,103,1,6,3
1994-069,1994-069-01,1994-069-01-01,1994-069-01-01-01,6/12/95,1,515 U.S. 200,115 S. Ct. 2097,132 L. Ed. 2d 158,1995 U.S. LEXIS 4037,1994,1607,Rehnquist,93-1841,"ADARAND CONSTRUCTORS, INC. v. FEDERICO PENA, SECRETARY OF TRANSPORTATION, et al.",1/17/95,,176,,329,,1,,,0,52,,30,,0,12,2,2,1,5,0,1,1,0,20070,2,1,0,1,,2,212,,104,102,1,5,4
1994-081,1994-081-01,1994-081-01-01,1994-081-01-01-01,6/19/95,1,515 U.S. 506,115 S. Ct. 2310,132 L. Ed. 2d 444,1995 U.S. LEXIS 4068,1994,1607,Rehnquist,94-514,UNITED STATES v. MICHAEL E. GAUDIN,4/17/95,,27,,100,,1,,,0,88,,29,,1,12,3,2,1,2,0,0,1,0,10190,1,2,0,1,,2,207,,105,102,1,9,0
1995-023,1995-023-01,1995-023-01-01,1995-023-01-01-01,2/21/96,1,516 U.S. 325,116 S. Ct. 848,133 L. Ed. 2d 796,1996 U.S. LEXIS 1379,1995,1607,Rehnquist,94-1239,"FULTON CORPORATION v. JANICE H. FAULKNER, SECRETARY OF REVENUE OF NORTH CAROLINA",10/31/95,,25,38,19,38,1,,,0,302,38,300,38,0,12,3,2,3,4,0,1,1,0,80100,8,1,0,2,,1,111,,107,102,1,9,0
1995-037,1995-037-01,1995-037-01-01,1995-037-01-01-01,3/27/96,1,517 U.S. 44,116 S. Ct. 1114,134 L. Ed. 2d 252,1996 U.S. LEXIS 2165,1995,1607,Rehnquist,94-12,SEMINOLE TRIBE OF FLORIDA v. FLORIDA et al.,10/11/95,,170,,28,12,1,,,0,58,,31,,0,12,4,1,2,2,0,0,1,0,100120,10,1,0,2,7,2,224,,102,102,1,5,4
1995-049,1995-049-01,1995-049-01-01,1995-049-01-01-01,5/13/96,1,517 U.S. 484,116 S. Ct. 1495,134 L. Ed. 2d 711,1996 U.S. LEXIS 3020,1995,1607,Rehnquist,94-1140,"44 LIQUORMART, INC. AND PEOPLES SUPER LIQUOR STORES, INC. v. RHODE ISLAND AND RHODE ISLAND LIQUOR STORES ASSOCIATION",11/1/95,,115,,28,47,1,,,0,113,,21,,0,10,3,1,3,3,0,1,1,0,30020,3,2,0,2,,2,200,,103,102,1,9,0
1995-081,1995-081-01,1995-081-01-01,1995-081-01-01-01,6/24/96,1,518 U.S. 343,116 S. Ct. 2174,135 L. Ed. 2d 606,1996 U.S. LEXIS 4220,1995,1607,Rehnquist,94-1511,"SAMUEL A. LEWIS, DIRECTOR, ARIZONA DEPARTMENT OF CORRECTIONS, et al. v. FLETCHER CASEY, JR., et al.",11/29/95,,28,4,215,,1,,,0,45,,29,,0,12,2,2,1,4,0,1,1,0,40040,4,1,0,3,7,,,,105,102,1,8,1
1996-080,1996-080-01,1996-080-01-01,1996-080-01-01-01,6/23/97,1,521 U.S. 203,117 S. Ct. 1997,138 L. Ed. 2d 391,1997 U.S. LEXIS 4000,1996,1607,Rehnquist,96-552,"RACHEL AGOSTINI, et al. v. BETTY-LOUISE FELTON et al.",4/15/97,,202,,25,37,1,,,0,94,,22,,0,12,2,2,1,4,0,1,1,0,30180,3,1,0,2,,2,203,,104,102,1,5,4
1997-002,1997-002-01,1997-002-01-01,1997-002-01-01-01,11/4/97,1,522 U.S. 3,118 S. Ct. 275,139 L. Ed. 2d 199,1997 U.S. LEXIS 6705,1997,1607,Rehnquist,96-871,"STATE OIL COMPANY v. BARKAT U. KHAN AND KHAN & ASSOCIATES, INC.",10/7/97,,141,,238,,1,,,0,66,,27,,0,11,3,1,1,5,0,1,1,0,80010,8,2,0,4,,3,367,,104,102,1,9,0
1997-009,1997-009-01,1997-009-01-01,1997-009-01-01-01,12/10/97,1,522 U.S. 93,118 S. Ct. 488,139 L. Ed. 2d 450,1997 U.S. LEXIS 7497,1997,1607,Rehnquist,96-976,"JOHN HUDSON, LARRY BARESEL, AND JACK BUTLER RACKLEY v. UNITED STATES",10/8/97,,100,,27,,1,17,,0,107,,30,,0,9,3,1,1,2,0,0,1,0,10170,1,1,0,1,,2,206,,102,102,1,9,0
1997-087,1997-087-01,1997-087-01-01,1997-087-01-01-01,6/15/98,1,524 U.S. 236,118 S. Ct. 1969,141 L. Ed. 2d 242,1998 U.S. LEXIS 3887,1997,1607,Rehnquist,96-8986,ARNOLD F. HOHN v. UNITED STATES,3/3/98,,215,,27,,1,,,0,89,,28,,1,11,9,1,1,5,0,1,1,0,10020,1,2,0,4,,6,600,28 U.S.C. § 1254,106,103,1,5,4
1998-038,1998-038-01,1998-038-01-01,1998-038-01-01-01,3/24/99,1,526 U.S. 172,119 S. Ct. 1187,143 L. Ed. 2d 270,1999 U.S. LEXIS 2190,1998,1607,Rehnquist,97-1337,"MINNESOTA, et al. v. MILLE LACS BAND OF CHIPPEWA INDIANS et al.",12/2/98,,28,28,170,,1,,,0,83,,28,,0,12,2,2,1,2,0,0,1,0,20150,2,2,0,4,,6,600,7 Stat. 536,104,103,1,5,4
1998-090,1998-090-01,1998-090-01-01,1998-090-01-01-01,6/23/99,1,527 U.S. 666,119 S. Ct. 2219,144 L. Ed. 2d 605,1999 U.S. LEXIS 4375,1998,1607,Rehnquist,98-149,COLLEGE SAVINGS BANK v. FLORIDA PREPAID POSTSECONDARY EDUCATION EXPENSE BOARD et al.,4/20/99,,113,,4,12,1,,,0,92,,23,,0,12,2,1,2,2,0,0,1,0,100120,10,1,0,1,,6,600,15 U.S.C. § 1125,105,102,1,5,4
1999-087,1999-087-01,1999-087-01-01,1999-087-01-01-01,6/28/00,7,530 U.S. 793,120 S. Ct. 2530,147 L. Ed. 2d 660,2000 U.S. LEXIS 4485,1999,1607,Rehnquist,98-1648,"GUY MITCHELL, et al. v. MARY L. HELMS, et al.",12/1/99,,19,22,25,22,1,,,0,75,,25,,0,12,3,2,1,3,0,1,1,0,30180,3,1,0,1,,2,203,,108,102,1,6,3
2000-053,2000-053-01,2000-053-01-01,2000-053-01-01-01,5/21/01,1,532 U.S. 557,121 S. Ct. 1782,149 L. Ed. 2d 820,2001 U.S. LEXIS 3813,2000,1607,Rehnquist,99-1978,"UNITED STATES v. TERRY J. HATTER, JR., JUDGE, UNITED STATES DISTRICT COURT FOR THE CENTRAL DISTRICT OF CALIFORNIA, et al.",2/20/01,,27,,16,60,1,,,0,3,,8,,0,12,3,1,2,7,0,1,1,0,120010,12,2,0,1,,1,137,,110,102,1,5,2
2001-047,2001-047-01,2001-047-01-01,2001-047-01-01-01,5/13/02,1,535 U.S. 613,122 S. Ct. 1640,152 L. Ed. 2d 806,2002 U.S. LEXIS 3220,2001,1607,Rehnquist,01-298,"PAUL D. LAPIDES v. BOARD OF REGENTS OF THE UNIVERSITY SYSTEM OF GEORGIA, et al.",2/25/02,,8,13,26,13,1,,,0,60,,31,,0,11,3,1,1,3,0,1,1,0,100120,10,2,0,2,,2,224,,110,102,1,9,0
2001-048,2001-048-01,2001-048-01-01,2001-048-01-01-01,5/20/02,1,535 U.S. 625,122 S. Ct. 1781,152 L. Ed. 2d 860,2002 U.S. LEXIS 3565,2001,1607,Rehnquist,01-687,"UNITED STATES v. LEONARD COTTON, MARQUETTE HALL, LAMONT THOMAS, MATILDA HALL, JOVAN POWELL, JESUS HALL, AND STANLEY HALL, JR.",4/15/02,,27,,100,,1,,,0,79,,24,,0,12,5,2,1,4,0,1,1,0,10370,1,1,0,4,,4,401,NA,102,102,1,9,0
2001-070,2001-070-01,2001-070-01-01,2001-070-01-01-01,6/20/02,1,536 U.S. 304,122 S. Ct. 2242,153 L. Ed. 2d 335,2002 U.S. LEXIS 4648,2001,1607,Rehnquist,00-8452,DARYL RENARD ATKINS v. VIRGINIA,2/20/02,,126,,28,55,1,,,0,302,55,300,55,1,10,2,1,3,4,0,1,1,0,10130,1,2,0,2,,2,221,,103,103,1,6,3
2001-077,2001-077-01,2001-077-01-01,2001-077-01-01-01,6/24/02,1,536 U.S. 584,122 S. Ct. 2428,153 L. Ed. 2d 556,2002 U.S. LEXIS 4651,2001,1607,Rehnquist,01-488,TIMOTHY STUART RING v. ARIZONA,4/22/02,,126,,28,4,1,,,0,302,4,300,4,0,9,2,1,3,4,0,1,1,0,10560,1,2,0,2,,2,215,,109,103,1,7,2
2002-083,2002-083-01,2002-083-01-01,2002-083-01-01-01,6/26/03,1,539 U.S. 558,123 S. Ct. 2472,156 L. Ed. 2d 508,2003 U.S. LEXIS 5013,2002,1607,Rehnquist,02-102,JOHN GEDDES LAWRENCE AND TYRON GARNER v. TEXAS,3/26/03,,162,,28,51,1,,,0,302,51,301,51,1,11,2,1,3,4,0,1,1,0,50010,5,2,0,2,,2,230,,106,103,1,6,3
2003-040,2003-040-01,2003-040-01-01,2003-040-01-01-01,3/8/04,1,541 U.S. 36,124 S. Ct. 1354,158 L. Ed. 2d 177,2004 U.S. LEXIS 1838,2003,1607,Rehnquist,Feb-10,MICHAEL D. CRAWFORD v. WASHINGTON,11/10/03,,100,,28,56,1,,,0,302,56,300,56,0,11,3,1,1,4,0,1,1,0,10270,1,2,0,2,,2,213,,105,102,1,9,0
2004-024,2004-024-01,2004-024-01-01,2004-024-01-01-01,3/1/05,1,543 U.S. 551,125 S. Ct. 1183,161 L. Ed. 2d 1,2005 U.S. LEXIS 2200,2004,1607,Rehnquist,03-633,"DONALD P. ROPER, SUPERINTENDENT, POTOSI CORRECTIONAL CENTER v. CHRISTOPHER SIMMONS",10/13/04,,28,30,126,,1,,,0,302,30,300,30,0,12,12,2,3,2,0,0,1,0,10130,1,2,0,3,2,2,221,,106,103,1,5,4
2005-023,2005-023-01,2005-023-01-01,2005-023-01-01-01,1/23/06,1,546 U.S. 356,126 S. Ct. 990,163 L. Ed. 2d 945,2006 U.S. LEXIS 917,2005,1701,Roberts,04-885,"CENTRAL VIRGINIA COMMUNITY COLLEGE, et al. v. BERNARD KATZ, LIQUIDATING SUPERVISOR FOR WALLACE'S BOOKSTORES, INC.",10/31/05,,28,55,114,,1,,,0,73,,26,,0,11,2,2,1,2,0,0,1,0,100100,10,2,0,1,,1,112,,103,103,1,5,4
2005-038,2005-038-01,2005-038-01-01,2005-038-01-01-01,3/1/06,1,547 U.S. 28,126 S. Ct. 1281,164 L. Ed. 2d 26,2006 U.S. LEXIS 2024,2005,1702,Roberts,04-1329,"ILLINOIS TOOL WORKS INC., et al. v. INDEPENDENT INK, INC.",11/29/05,,173,,184,,1,,,0,48,,29,,0,11,4,2,1,5,0,1,1,0,80010,8,1,0,7,4,3,367,,103,111,1,8,0
2006-031,2006-031-01,2006-031-01-01,2006-031-01-01-01,4/18/07,1,550 U.S. 124,127 S. Ct. 1610,167 L. Ed. 2d 480,2007 U.S. LEXIS 4338,2006,1702,Roberts,05-380,"ALBERTO R. GONZALES, ATTORNEY GENERAL v. LEROY CARHART, et al.",11/8/06,,1,,206,,1,,,0,89,,28,,0,12,2,2,1,3,0,1,1,0,50020,5,1,0,1,,6,600,18 U.S.C. § 1531,106,111,1,5,4
2006-045,2006-045-01,2006-045-01-01,2006-045-01-01-01,5/21/07,1,550 U.S. 544,127 S. Ct. 1955,167 L. Ed. 2d 929,2007 U.S. LEXIS 5901,2006,1702,Roberts,05-1126,"BELL ATLANTIC CORPORATION, et al. V.WILLIAM TWOMBLY, et al.",11/27/06,,205,,134,,1,,,0,96,,22,,0,11,3,2,1,4,0,1,1,0,80010,8,1,0,4,,3,367,,107,111,1,7,2
2006-061,2006-061-01,2006-061-01-01,2006-061-01-01-01,6/14/07,1,551 U.S. 205,127 S. Ct. 2360,168 L. Ed. 2d 96,2007 U.S. LEXIS 7721,2006,1702,Roberts,Jun-06,"KEITH BOWLES v. HARRY RUSSELL, WARDEN",3/26/07,,126,,28,41,1,,,0,103,,26,,0,12,9,1,1,2,0,0,1,0,90480,9,1,0,4,,4,400,,108,111,1,5,4
2006-073,2006-073-01,2006-073-01-01,2006-073-01-01-01,6/28/07,1,551 U.S. 701,127 S. Ct. 2738,168 L. Ed. 2d 508,2007 U.S. LEXIS 8670,2006,1702,Roberts,05-908,PARENTS INVOLVED IN COMMUNITY SCHOOLS v. SEATTLE SCHOOL DISTRICT NO. 1 et al.,12/4/06,,202,,21,56,1,,,0,129,,29,,0,12,2,2,4,4,0,1,1,0,20050,2,1,0,2,4,2,231,NA,111,111,1,5,4
2006-074,2006-074-01,2006-074-01-01,2006-074-01-01-01,6/28/07,1,551 U.S. 877,127 S. Ct. 2705,168 L. Ed. 2d 623,2007 U.S. LEXIS 8668,2006,1702,Roberts,06-480,"LEEGIN CREATIVE LEATHER PRODUCTS, INC. v. PSKS, INC., DBA KAY'S KLOSET . . . KAY'S SHOES",3/26/07,,184,,238,,1,,,0,119,,25,,0,11,2,2,1,4,0,1,1,0,80010,8,1,0,4,,3,367,,106,111,1,5,4
2008-013,2008-013-01,2008-013-01-01,2008-013-01-01-01,1/21/09,1,555 U.S. 223,129 S. Ct. 808,172 L. Ed. 2d 565,2009 U.S. LEXIS 591,2008,1702,Roberts,07-751,"CORDELL PEARSON, et al. v. AFTON CALLAHAN",10/14/08,,8,52,174,,1,,,0,123,,30,,1,11,7,2,1,3,0,1,1,0,20400,2,1,0,7,4,3,314,NA,112,111,1,9,0
2008-059,2008-059-01,2008-059-01-01,2008-059-01-01-01,5/26/09,1,556 U.S. 778,129 S. Ct. 2079,173 L. Ed. 2d 955,2009 U.S. LEXIS 3973,2008,1702,Roberts,07-1529,JESSE JAY MONTEJO v. LOUISIANA,1/13/09,,126,,28,22,1,,,0,302,22,300,22,0,12,2,1,1,5,0,1,1,0,10120,1,1,0,2,,2,214,NA,105,111,1,5,4
2009-012,2009-012-01,2009-012-01-01,2009-012-01-01-01,1/21/10,1,558 U.S. 310,130 S. Ct. 876,175 L. Ed. 2d 753,2010 U.S. LEXIS 766,2009,1703,Roberts,08-205,CITIZENS UNITED v. FEDERAL ELECTION COMMISSION,3/24/09,9/9/09,211,,343,,2,43,,1,55,,55,,0,1,1,2,2,7,0,1,1,0,30140,3,1,0,1,,2,200,NA,106,111,1,5,4
2009-091,2009-091-01,2009-091-01-01,2009-091-01-01-01,6/28/10,1,561 U.S. 742,130 S. Ct. 3020,177 L. Ed. 2d 894,2010 U.S. LEXIS 5523,2009,1703,Roberts,08-1521,"OTIS MCDONALD, et al. v. CITY OF CHICAGO, ILLINOIS, et al.",3/2/10,,227,,3,17,1,,,0,66,,27,,0,12,2,2,4,4,0,1,1,0,10600,1,1,0,2,,2,239,NA,112,111,1,5,4
2010-065,2010-065-01,2010-065-01-01,2010-065-01-01-01,6/16/11,1,564 U.S. 211,131 S. Ct. 2355,180 L. Ed. 2d 269,2011 U.S. LEXIS 4558,2010,1704,Roberts,09-1227,"CAROL ANNE BOND, PETITIONER v. UNITED STATES",2/22/11,,253,,27,,1,,,0,109,,23,,0,12,2,1,1,4,0,1,1,0,90220,9,2,0,1,,1,139,NA,106,111,1,9,0
2012-062,2012-062-01,2012-062-01-01,2012-062-01-01-01,6/17/13,1,570 U.S. ?1,133 S. Ct. 2151,186 L. Ed. 2d 314,2013 U.S. LEXIS 4543,2012,1704,Roberts,Nov-35,"ALLEN RYAN ALLEYNE, PETITIONER v. UNITED STATES",1/14/13,,126,,27,,1,,,0,126,,24,,0,13,2,1,1,5,0,1,1,0,10560,1,2,0,1,1,2,217,NA,108,108,1,5,4
2014-016,2014-016-01,2014-016-01-01,2014-016-01-01-01,6/26/15,1,576 U.S. ?1,135 S. Ct. 2551,192 L. Ed. 2d 569,2015 U.S. LEXIS 4251,2014,1704,Roberts,13-7120,JOHNSON v. UNITED STATES,11/5/14,4/20/15,126,,27,,1,,,0,83,,28,,0,11,2,1,2,4,0,1,1,0,40040,4,2,0,1,,2,207,NA,105,111,1,8,1
2014-070,2014-070-01,2014-070-01-01,2014-070-01-01-01,6/26/15,1,576 U.S. ?2,135 S. Ct. 2584,192 L. Ed. 2d 609,2015 U.S. LEXIS 4250,2014,1704,Roberts,14-556,OBERGEFELL v. HODGES,4/28/15,,162,,7,41,1,,,0,104,,26,,1,11,3,1,3,3,0,1,1,0,40010,4,2,0,2,,2,230,NA,106,106,1,5,4
2015-007,2015-007-01,2015-007-01-01,2015-007-01-01-01,1/12/16,1,577 U.S. ?1,136 S. Ct. 616,193 L. Ed. 2d 504,2016 U.S. LEXIS 619,2015,1704,Roberts,14-7505,HURST v. FLORIDA,10/13/15,,126,,28,12,1,,,0,302,12,300,12,1,11,2,1,3,4,0,1,1,0,10580,1,2,0,2,,2,215,NA,113,111,1,8,1
2017-045,2017-045-01,2017-045-01-01,2017-045-01-01-01,6/27/18,1,585 U.S. ?1,138 S. Ct. 2448,201 L. Ed. 2d 924,2018 U.S. LEXIS 4028,2017,1706,Roberts,16-1466,"JANUS v. AMERICAN FEDERATION OF STATE, COUNTY, AND MUNICIPAL EMPLOYEES, COUNCIL 31",2/26/18,,8,17,249,,1,,,0,66,,27,,0,10,2,2,3,4,0,1,1,0,70030,7,1,0,2,,2,200,NA,112,111,1,5,4
2017-059,2017-059-01,2017-059-01-01,2017-059-01-01-01,6/21/18,1,585 U.S. ?2,138 S. Ct. 2080,201 L. Ed. 2d 403,2018 U.S. LEXIS 3835,2017,1706,Roberts,17-494,SOUTH DAKOTA v. WAYFAIR,4/17/18,,28,49,233,,1,,,0,302,49,300,49,0,10,2,1,1,5,0,1,1,0,80100,8,2,0,3,,1,111,NA,106,106,1,5,4
2017-074,2017-074-01,2017-074-01-01,2017-074-01-01-01,6/26/18,1,585 U.S. ?3,138 S. Ct. 2392,201 L. Ed. 2d 775,2018 U.S. LEXIS 4026,2017,1706,Roberts,17-965,"TRUMP, PRESIDENT OF U.S. v. HAWAII",4/25/18,,19,60,28,15,1,,,0,63,,29,,0,12,4,2,1,4,0,1,1,0,20310,2,1,0,4,,3,344,NA,111,111,1,5,4