overruled,overruling
243,427
269,427
1035,1134
1036,1134
909,1866
693,1884
442,1907
437,1908
125,2151
1298,2152
1422,2152
779,2166
1303,2168
1309,2168
1778,2335
1371,2341
1303,2444
1309,2444
1672,2502
626,2507
1231,2571
1399,2579
725,2671
906,2671
1064,2731
1533,2736
695,2788
257,2898
472,2938
94,2943
427,2943
1824,3049
1778,3202
3149,3326
254,3476
2390,3569
2888,3674
1734,3795
3146,3950
2739,3967
2771,4066
299,4072
1155,4078
3181,4096
270,4131
3625,4141
528,4170
2593,4266
62,4355
1631,4386
412,4392
901,4392
1146,4392
1487,4392
3823,4396
1327,4644
1507,4740
75,4747
4902,5011
2154,5188
2845,5188
133,5382
498,5382
4066,5453
4845,5613
2245,5667
2413,5688
61,5745
4166,5745
4590,5745
2864,5771
3160,5771
2141,5897
153,5898
455,5898
2921,5904
2120,5905
3693,6153
802,6156
3143,6165
2942,6171
3459,6218
4464,6218
4575,6451
1908,6481
5878,6484
6172,6484
1904,6555
5197,6606
5695,6606
4676,6775