caseId,docketId,caseIssuesId,voteId,dateDecision,decisionType,uscite,sctCite,ledCite,lexisCite,term,naturalCourt,chief,docket,caseName,dateArgument,dateRearg,petitioner,petitionerState,respondent,respondentState,jurisdiction,adminAction,adminActionState,threeJudgeFdc,caseOrigin,caseOriginState,caseSource,caseSourceState,lcDisagreement,certReason,lcDisposition,lcDispositionDirection,declarationUncon,caseDisposition,caseDispositionUnusual,partyWinning,precedentAlteration,voteUnclear,issue,issueArea,decisionDirection,decisionDirectionDissent,authorityDecision1,authorityDecision2,lawType,lawSupp,lawMinor,majOpinWriter,majOpinAssigner,splitVote,majVotes,minVotes,caseid,parties,year,overruled,overruling,indeg,outdeg
1946-001,1946-001-01,1946-001-01-01,1946-001-01-01-01,11/18/1946,1.0,329US1,67 S. Ct. 6,91 L. Ed. 3,1946 U.S. LEXIS 1724,1946.0,1301.0,Vinson,24,"HALLIBURTON OIL WELL CEMENTING CO. v. WALKER et al., DOING BUSINESS AS DEPTHOGRAPH CO.",1/9/1946,10/23/1946,198.0,,172.0,,6.0,,,0.0,51.0,6.0,29.0,,0.0,11.0,2.0,1.0,1.0,3.0,0.0,1.0,1.0,0.0,80180.0,8.0,2.0,0.0,4.0,,6.0,600.0,35 U.S.C. § 33,78.0,78.0,1.0,8.0,1.0,,,,,,,
1946-027,1946-027-01,1946-027-01-01,1946-027-01-01-01,1/6/1947,1.0,329US402,67 S. Ct. 421,91 L. Ed. 380,1947 U.S. LEXIS 3020,1946.0,1301.0,Vinson,28,MACGREGOR v. WESTINGHOUSE ELECTRIC & MANUFACTURING CO.,12/12/1946,,177.0,,172.0,,6.0,,,0.0,302.0,45.0,300.0,45.0,0.0,5.0,2.0,1.0,1.0,4.0,0.0,1.0,1.0,0.0,80180.0,8.0,2.0,0.0,7.0,,5.0,507.0,,78.0,87.0,1.0,5.0,4.0,,,,,,,
1946-055,1946-055-01,1946-055-01-01,1946-055-01-01-01,2/17/1947,1.0,330US183,67 S. Ct. 657,91 L. Ed. 832,1947 U.S. LEXIS 2649,1946.0,1301.0,Vinson,31,ANGEL v. BULLINGTON,3/5/1946,11/18/1946,123.0,,233.0,,1.0,,,0.0,100.0,38.0,24.0,,0.0,10.0,2.0,2.0,1.0,3.0,0.0,1.0,1.0,0.0,90460.0,9.0,1.0,0.0,7.0,,5.0,506.0,,80.0,78.0,1.0,6.0,3.0,20267.0,Angel v. Bullington,1947.0,0.0,13531,18.0,34.0
1947-089,1947-089-01,1947-089-01-01,1947-089-01-01-01,6/7/1948,1.0,334US343,68 S. Ct. 1087,92 L. Ed. 2d 1429,1948 U.S. LEXIS 2080,1947.0,1301.0,Vinson,36,SHERRER v. SHERRER,10/13/1947,,253.0,,168.0,,1.0,,,0.0,302.0,26.0,300.0,26.0,0.0,11.0,2.0,1.0,1.0,3.0,0.0,1.0,1.0,0.0,40060.0,4.0,2.0,0.0,2.0,,2.0,230.0,,87.0,87.0,1.0,7.0,2.0,20447.0,Sherrer v. Sherrer,1948.0,0.0,11594,13.0,32.0
1948-018,1948-018-01,1948-018-01-01,1948-018-01-01-01,1/3/1949,1.0,335US525,69 S. Ct. 251,93 L. Ed. 2d 212,1949 U.S. LEXIS 3023,1948.0,1301.0,Vinson,47,LINCOLN FEDERAL LABOR UNION et al. v. NORTHWESTERN IRON & METAL CO. et al.,11/8/1948,,249.0,,151.0,,2.0,,,0.0,302.0,32.0,300.0,32.0,0.0,1.0,2.0,1.0,1.0,2.0,0.0,0.0,1.0,0.0,70030.0,7.0,1.0,0.0,2.0,,2.0,200.0,,78.0,87.0,1.0,9.0,0.0,20495.0,Lincoln Federal Labor Union v. Northwestern Iron & Metal Co.,1949.0,0.0,12602,24.0,22.0
1948-024,1948-024-01,1948-024-01-01,1948-024-01-01-01,1/17/1949,1.0,335US632,69 S. Ct. 322,93 L. Ed. 2d 288,1949 U.S. LEXIS 2950,1948.0,1301.0,Vinson,5,COMMISSIONER OF INTERNAL REVENUE v. ESTATE OF CHURCH,10/24/1947,10/12/1948,369.0,,240.0,,1.0,69.0,,0.0,9.0,,23.0,,1.0,2.0,2.0,1.0,1.0,3.0,0.0,1.0,1.0,0.0,120010.0,12.0,2.0,0.0,4.0,,3.0,345.0,,78.0,80.0,1.0,6.0,3.0,20501.0,Commissioner v. Estate of Church,1949.0,0.0,17448,16.0,179.0
1948-035,1948-035-01,1948-035-01-01,1948-035-01-01-01,2/7/1949,1.0,336US169,69 S. Ct. 432,93 L. Ed. 2d 585,1949 U.S. LEXIS 2971,1948.0,1301.0,Vinson,244,"OTT, COMMISSIONER OF PUBLIC FINANCE, et al. v. MISSISSIPPI VALLEY BARGE LINE CO. et al.",1/5/1949,,19.0,22.0,116.0,,2.0,,,0.0,75.0,22.0,25.0,,0.0,1.0,2.0,1.0,1.0,3.0,0.0,1.0,1.0,0.0,80100.0,8.0,2.0,0.0,2.0,,1.0,111.0,,81.0,87.0,1.0,8.0,1.0,20513.0,Ott v. Mississippi Valley Barge Line Co.,1949.0,0.0,4127 12130 12316,13.0,33.0
1948-048,1948-048-01,1948-048-01-01,1948-048-01-01-01,3/7/1949,1.0,336US342,69 S. Ct. 561,93 L. Ed. 2d 721,1949 U.S. LEXIS 2942,1948.0,1301.0,Vinson,40,OKLAHOMA TAX COMMISSION v. TEXAS COMPANY,11/19/1948,,4.0,42.0,198.0,,1.0,117.0,42.0,0.0,302.0,42.0,300.0,42.0,1.0,12.0,3.0,2.0,1.0,4.0,0.0,1.0,1.0,0.0,100060.0,10.0,1.0,0.0,7.0,,,,,85.0,87.0,1.0,9.0,0.0,20526.0,Oklahoma Tax Com. v. Texas Co.,1949.0,0.0,14163 14560 18471,7.0,59.0
1948-110,1948-110-01,1948-110-01-01,1948-110-01-01-01,6/27/1949,1.0,337US783,69 S. Ct. 1317,93 L. Ed. 2d 1692,1949 U.S. LEXIS 2922,1948.0,1301.0,Vinson,351,COSMOPOLITAN SHIPPING CO. v. McALLISTER,2/1/1949,,234.0,,145.0,,1.0,,,0.0,96.0,,22.0,,0.0,12.0,2.0,2.0,1.0,3.0,0.0,1.0,1.0,0.0,80070.0,8.0,1.0,0.0,4.0,,3.0,348.0,,79.0,87.0,1.0,5.0,4.0,20589.0,Cosmopolitan Shipping Co. v. McAllister,1949.0,0.0,20205,6.0,17.0
1949-049,1949-049-01,1949-049-01-01,1949-049-01-01-01,2/20/1950,1.0,339US56,70 S. Ct. 430,94 L. Ed. 2d 653,1950 U.S. LEXIS 2298,1949.0,1303.0,Vinson,293,UNITED STATES v. RABINOWITZ,1/11/1950,,27.0,,100.0,,1.0,,,0.0,96.0,37.0,22.0,,1.0,10.0,3.0,2.0,1.0,3.0,0.0,1.0,1.0,0.0,10050.0,1.0,1.0,0.0,1.0,,2.0,205.0,,89.0,87.0,1.0,5.0,3.0,20653.0,United States v. Rabinowitz,1950.0,24550.0,20461 20490,61.0,23.0
1949-059,1949-059-01,1949-059-01-01,1949-059-01-01-01,4/3/1950,1.0,339US200,70 S. Ct. 587,94 L. Ed. 2d 761,1950 U.S. LEXIS 2161,1949.0,1303.0,Vinson,51,"DARR v. BURFORD, WARDEN",12/5/1949,,215.0,,28.0,42.0,1.0,,,0.0,105.0,42.0,30.0,,1.0,10.0,2.0,1.0,1.0,2.0,0.0,0.0,1.0,0.0,90040.0,9.0,1.0,0.0,7.0,4.0,3.0,341.0,,79.0,87.0,1.0,5.0,3.0,,,,,,,
1951-084,1951-084-01,1951-084-01-01,1951-084-01-01-01,5/26/1952,1.0,343US495,72 S. Ct. 777,96 L. Ed. 2d 1098,1952 U.S. LEXIS 2796,1951.0,1303.0,Vinson,522,"JOSEPH BURSTYN, INC. v. WILSON, COMMISSIONER OF EDUCATION OF NEW YORK, et al.",4/24/1952,,156.0,,19.0,37.0,2.0,117.0,37.0,0.0,301.0,37.0,300.0,37.0,1.0,1.0,2.0,1.0,3.0,3.0,0.0,1.0,1.0,0.0,30010.0,3.0,2.0,0.0,2.0,,2.0,200.0,,88.0,87.0,1.0,9.0,0.0,20901.0,"Joseph Burstyn, Inc. v. Wilson",1952.0,0.0,14231,46.0,26.0
1953-069,1953-069-01,1953-069-01-01,1953-069-01-01-01,5/17/1954,1.0,347US483,74 S. Ct. 686,98 L. Ed. 2d 873,1954 U.S. LEXIS 2094,1953.0,1401.0,Warren,1,BROWN et al. v. BOARD OF EDUCATION OF TOPEKA et al.,12/8/1952,12/7/1953,224.0,,21.0,20.0,2.0,,,0.0,72.0,,72.0,,0.0,1.0,,1.0,3.0,1.0,1.0,1.0,1.0,0.0,20050.0,2.0,2.0,0.0,2.0,,2.0,231.0,,90.0,90.0,1.0,9.0,0.0,21109.0,Brown v. Board of Educ.,1954.0,0.0,10322 10962 17040,155.0,16.0
1954-001,1954-001-01,1954-001-01-01,1954-001-01-01-01,10/14/1954,2.0,348US1,75 S. Ct. 6,99 L. Ed. 2d 3,1954 U.S. LEXIS 1630,1954.0,1402.0,Warren,5 M,in re DISBARMENT OF ISSERMAN,,,111.0,,20.0,60.0,6.0,118.0,,0.0,,,,,0.0,1.0,,1.0,1.0,1.0,1.0,1.0,1.0,0.0,60040.0,6.0,2.0,0.0,4.0,,4.0,403.0,,,78.0,1.0,3.0,3.0,,,,,,,
1956-101,1956-101-01,1956-101-01-01,1956-101-01-01-01,6/10/1957,7.0,354US1,77 S. Ct. 1222,1 L. Ed. 2d 1148,1957 U.S. LEXIS 729,1956.0,1405.0,Warren,701,"REID, SUPERINTENDENT, DISTRICT OF COLUMBIA JAIL, v. COVERT",5/3/1956,2/27/1957,19.0,60.0,253.0,,6.0,,,0.0,55.0,,55.0,,0.0,1.0,,2.0,2.0,2.0,0.0,0.0,1.0,0.0,20240.0,2.0,2.0,0.0,1.0,,3.0,377.0,,78.0,90.0,1.0,6.0,2.0,21415.0,Reid v. Covert,1957.0,0.0,8958 21301 21302,20.0,62.0
1956-125,1956-125-01,1956-125-01-01,1956-125-01-01-01,6/24/1957,1.0,354US416,77 S. Ct. 1360,1 L. Ed. 2d 1456,1957 U.S. LEXIS 584,1956.0,1405.0,Warren,302,VANDERBILT v. VANDERBILT et al.,4/22/1957,,168.0,,253.0,,1.0,,,0.0,302.0,37.0,300.0,37.0,0.0,12.0,2.0,2.0,1.0,2.0,0.0,0.0,1.0,0.0,40060.0,4.0,2.0,0.0,2.0,,1.0,143.0,,78.0,78.0,1.0,6.0,2.0,21433.0,Vanderbilt v. Vanderbilt,1957.0,0.0,13605,5.0,17.0
1958-021,1958-021-01,1958-021-01-01,1958-021-01-01-01,12/15/1958,1.0,358US169,79 S. Ct. 209,3 L. Ed. 2d 199,1958 U.S. LEXIS 2,1958.0,1406.0,Warren,2,LADNER v. UNITED STATES,11/19/1957,10/22/1958,126.0,,27.0,,6.0,,,0.0,85.0,,25.0,,0.0,1.0,2.0,1.0,1.0,4.0,0.0,1.0,1.0,0.0,10380.0,1.0,2.0,0.0,4.0,,6.0,600.0,18 U.S.C. § 254,92.0,90.0,1.0,8.0,1.0,,,,,,,
1959-041,1959-041-01,1959-041-01-01,1959-041-01-01-01,2/29/1960,1.0,362US17,80 S. Ct. 519,4 L. Ed. 2d 524,1960 U.S. LEXIS 2012,1959.0,1406.0,Warren,64,UNITED STATES v. RAINES et al.,1/12/1960,,27.0,,19.0,13.0,2.0,,,0.0,59.0,,59.0,,0.0,1.0,9.0,1.0,1.0,3.0,0.0,1.0,1.0,0.0,20010.0,2.0,2.0,0.0,4.0,,6.0,600.0,28 U.S.C. § 1252,92.0,90.0,1.0,9.0,0.0,22006.0,United States v. Raines,1960.0,0.0,5071,68.0,40.0
1959-132,1959-132-01,1959-132-01-01,1959-132-01-01-01,6/27/1960,1.0,364US206,80 S. Ct. 1437,4 L. Ed. 2d 1669,1960 U.S. LEXIS 1989,1959.0,1406.0,Warren,126,ELKINS et al. v. UNITED STATES,3/28/1960,,100.0,,27.0,,1.0,,,0.0,108.0,,29.0,,0.0,10.0,2.0,1.0,1.0,5.0,0.0,1.0,1.0,0.0,10050.0,1.0,2.0,0.0,1.0,3.0,2.0,205.0,,94.0,90.0,1.0,5.0,4.0,22113.0,Elkins v. United States,1960.0,0.0,13958 16882 19890,60.0,37.0
1960-090,1960-090-01,1960-090-01-01,1960-090-01-01-01,5/15/1961,7.0,366US213,81 S. Ct. 1052,6 L. Ed. 2d 246,1961 U.S. LEXIS 2014,1960.0,1406.0,Warren,63,JAMES v. UNITED STATES,11/17/1960,,100.0,,27.0,,1.0,,,0.0,66.0,,27.0,,0.0,13.0,2.0,1.0,1.0,4.0,0.0,1.0,1.0,1.0,10490.0,1.0,2.0,0.0,4.0,,3.0,345.0,,90.0,90.0,1.0,6.0,3.0,22275.0,James v. United States,1961.0,0.0,20137,26.0,46.0
1960-133,1960-133-01,1960-133-01-01,1960-133-01-01-01,6/19/1961,1.0,367US643,81 S. Ct. 1684,6 L. Ed. 2d 1081,1961 U.S. LEXIS 812,1960.0,1406.0,Warren,236,MAPP v. OHIO,3/29/1961,,100.0,,28.0,41.0,2.0,,,0.0,302.0,41.0,300.0,41.0,0.0,1.0,2.0,2.0,1.0,4.0,0.0,1.0,1.0,0.0,10050.0,1.0,2.0,0.0,2.0,,2.0,205.0,,88.0,90.0,1.0,6.0,3.0,,,,,,,
1961-051,1961-051-01,1961-051-01-01,1961-051-01-01-01,3/26/1962,1.0,369US186,82 S. Ct. 691,7 L. Ed. 2d 663,1962 U.S. LEXIS 1567,1961.0,1406.0,Warren,6,BAKER et al. v. CARR et al.,4/19/1961,10/9/1961,251.0,,19.0,50.0,2.0,,,1.0,117.0,,117.0,,0.0,1.0,,1.0,1.0,4.0,0.0,1.0,1.0,0.0,20090.0,2.0,2.0,0.0,3.0,,,,,92.0,90.0,1.0,6.0,2.0,22449.0,Baker v. Carr,1962.0,0.0,20196,149.0,165.0
1962-019,1962-019-01,1962-019-01-01,1962-019-01-01-01,12/10/1962,1.0,371US195,83 S. Ct. 267,9 L. Ed. 2d 246,1962 U.S. LEXIS 2174,1962.0,1408.0,Warren,13,SMITH v. EVENING NEWS ASSOCIATION,10/10/1962,,145.0,,151.0,,1.0,,,0.0,302.0,27.0,300.0,27.0,0.0,12.0,2.0,2.0,1.0,4.0,0.0,1.0,1.0,0.0,100020.0,10.0,1.0,0.0,4.0,7.0,3.0,356.0,,95.0,90.0,1.0,8.0,1.0,22614.0,Smith v. Evening News Ass'n,1962.0,0.0,21171,34.0,12.0
1962-037,1962-037-01,1962-037-01-01,1962-037-01-01-01,1/21/1963,1.0,371US542,83 S. Ct. 531,9 L. Ed. 2d 514,1963 U.S. LEXIS 2516,1962.0,1408.0,Warren,87,"LOCAL NO. 438 CONSTRUCTION & GENERAL LABORERS' UNION, AFL-CIO, v. CURRY et al., DOING BUSINESS AS S. J. CURRY & CO.",11/7/1962,,249.0,,120.0,,1.0,,,0.0,302.0,13.0,300.0,13.0,0.0,11.0,3.0,1.0,1.0,3.0,0.0,1.0,1.0,0.0,100020.0,10.0,2.0,0.0,4.0,,3.0,356.0,,95.0,90.0,1.0,9.0,0.0,22645.0,Construction & General Laborers' Union v. Curry,1963.0,0.0,20940,29.0,20.0
1962-058,1962-058-01,1962-058-01-01,1962-058-01-01-01,3/18/1963,1.0,372US335,83 S. Ct. 792,9 L. Ed. 2d 799,1963 U.S. LEXIS 1942,1962.0,1408.0,Warren,155,"GIDEON v. WAINWRIGHT, CORRECTIONS DIRECTOR",1/15/1963,,100.0,,28.0,12.0,1.0,,,0.0,302.0,12.0,300.0,12.0,0.0,11.0,9.0,1.0,3.0,4.0,0.0,1.0,1.0,0.0,10120.0,1.0,2.0,0.0,2.0,,2.0,214.0,,78.0,90.0,1.0,9.0,0.0,22673.0,Gideon v. Wainwright,1963.0,0.0,19577,207.0,50.0
1962-060,1962-060-01,1962-060-01-01,1962-060-01-01-01,3/18/1963,1.0,372US368,83 S. Ct. 801,9 L. Ed. 2d 821,1963 U.S. LEXIS 1944,1962.0,1408.0,Warren,112,"GRAY, CHAIRMAN OF THE GEORGIA STATE DEMOCRATIC EXECUTIVE COMMITTEE, et al. v. SANDERS",1/17/1963,,211.0,,251.0,,2.0,,,1.0,60.0,,60.0,,0.0,1.0,,2.0,3.0,5.0,0.0,0.0,1.0,0.0,20090.0,2.0,2.0,0.0,2.0,,2.0,231.0,,81.0,90.0,1.0,8.0,1.0,22675.0,Gray v. Sanders,1963.0,0.0,20233 20668,34.0,23.0
1962-061,1962-061-01,1962-061-01-01,1962-061-01-01-01,3/18/1963,1.0,372US391,83 S. Ct. 822,9 L. Ed. 2d 837,1963 U.S. LEXIS 1945,1962.0,1408.0,Warren,84,"FAY, WARDEN, et al. v. NOIA",1/7/1963,,28.0,37.0,126.0,,1.0,,,0.0,96.0,,22.0,,1.0,12.0,3.0,2.0,1.0,2.0,0.0,0.0,1.0,0.0,10020.0,1.0,2.0,0.0,4.0,,3.0,341.0,,92.0,90.0,1.0,6.0,3.0,22676.0,Fay v. Noia,1963.0,29316.0,20663,111.0,157.0
1962-080,1962-080-01,1962-080-01-01,1962-080-01-01-01,4/22/1963,1.0,372US726,83 S. Ct. 1028,10 L. Ed. 2d 93,1963 U.S. LEXIS 2497,1962.0,1408.0,Warren,111,"FERGUSON, ATTORNEY GENERAL OF KANSAS, et al. v. SKRUPA, DOING BUSINESS AS CREDIT ADVISORS",3/20/1963,,28.0,20.0,135.0,,2.0,,,1.0,72.0,,72.0,,0.0,1.0,,1.0,1.0,3.0,0.0,1.0,1.0,0.0,80110.0,8.0,2.0,0.0,2.0,,2.0,230.0,,78.0,90.0,1.0,9.0,0.0,22716.0,Ferguson v. Skrupa,1963.0,0.0,14872,67.0,16.0
1963-047,1963-047-01,1963-047-01-01,1963-047-01-01-01,2/17/1964,1.0,376US1,84 S. Ct. 526,11 L. Ed. 2d 481,1964 U.S. LEXIS 1773,1963.0,1408.0,Warren,22,"WESBERRY et al. v. SANDERS, GOVERNOR OF GEORGIA, et al.",11/18/1963,,251.0,,19.0,13.0,2.0,,,1.0,60.0,,60.0,,1.0,1.0,9.0,1.0,3.0,4.0,0.0,1.0,1.0,0.0,20090.0,2.0,2.0,0.0,2.0,,1.0,102.0,,78.0,90.0,1.0,6.0,3.0,,,,,,,
1963-113,1963-113-01,1963-113-01-01,1963-113-01-01-01,5/18/1964,1.0,377US163,84 S. Ct. 1187,12 L. Ed. 2d 218,1964 U.S. LEXIS 1275,1963.0,1408.0,Warren,368,"SCHNEIDER v. RUSK, SECRETARY OF STATE",4/2/1964,,106.0,,328.0,,2.0,28.0,,1.0,55.0,,55.0,,0.0,1.0,,1.0,2.0,3.0,0.0,1.0,1.0,0.0,20280.0,2.0,2.0,0.0,1.0,,3.0,344.0,,81.0,90.0,1.0,5.0,3.0,23045.0,Schneider v. Rusk,1964.0,0.0,14450,16.0,16.0
1963-146,1963-146-01,1963-146-01-01,1963-146-01-01-01,6/15/1964,1.0,378US1,84 S. Ct. 1489,12 L. Ed. 2d 653,1964 U.S. LEXIS 993,1963.0,1408.0,Warren,110,"MALLOY v. HOGAN, SHERIFF",3/5/1964,,254.0,,28.0,8.0,1.0,,,0.0,302.0,8.0,300.0,8.0,0.0,12.0,2.0,1.0,1.0,3.0,0.0,1.0,1.0,0.0,10090.0,1.0,2.0,0.0,2.0,,2.0,210.0,,92.0,90.0,1.0,5.0,4.0,23093.0,Malloy v. Hogan,1964.0,0.0,12724 20341,60.0,60.0
1963-147,1963-147-01,1963-147-01-01,1963-147-01-01-01,6/15/1964,1.0,378US52,84 S. Ct. 1594,12 L. Ed. 2d 678,1964 U.S. LEXIS 2229,1963.0,1408.0,Warren,138,MURPHY et al. v. WATERFRONT COMMISSION OF NEW YORK HARBOR,3/5/1964,,254.0,,4.0,61.0,1.0,65.0,,0.0,302.0,35.0,300.0,35.0,0.0,12.0,2.0,1.0,1.0,7.0,1.0,1.0,1.0,0.0,10110.0,1.0,2.0,0.0,2.0,,2.0,231.0,,96.0,90.0,1.0,9.0,0.0,23095.0,Murphy v. Waterfront Comm'n of New York Harbor,1964.0,0.0,12181 17702 19890 21671 21877,59.0,45.0
1963-162,1963-162-01,1963-162-01-01,1963-162-01-01-01,6/22/1964,1.0,378US368,84 S. Ct. 1774,12 L. Ed. 2d 908,1964 U.S. LEXIS 826,1963.0,1408.0,Warren,62,"JACKSON v. DENNO, WARDEN",12/9/1963,,100.0,,28.0,37.0,1.0,,,0.0,96.0,,22.0,,0.0,10.0,2.0,1.0,1.0,4.0,0.0,1.0,1.0,1.0,10010.0,1.0,2.0,0.0,2.0,,2.0,230.0,,95.0,90.0,1.0,6.0,3.0,23113.0,Jackson v. Denno,1964.0,0.0,21036,78.0,51.0
1963-164,1963-164-01,1963-164-01-01,1963-164-01-01-01,6/22/1964,1.0,378US478,84 S. Ct. 1758,12 L. Ed. 2d 977,1964 U.S. LEXIS 827,1963.0,1408.0,Warren,615,ESCOBEDO v. ILLINOIS,4/29/1964,,100.0,,28.0,17.0,1.0,,,0.0,302.0,17.0,300.0,17.0,0.0,11.0,2.0,1.0,1.0,4.0,0.0,1.0,1.0,0.0,10120.0,1.0,2.0,0.0,2.0,,2.0,214.0,,96.0,90.0,1.0,5.0,4.0,23115.0,Escobedo v. Illinois,1964.0,0.0,21675 21680,46.0,21.0
1964-069,1964-069-01,1964-069-01-01,1964-069-01-01-01,4/5/1965,1.0,380US400,85 S. Ct. 1065,13 L. Ed. 2d 923,1965 U.S. LEXIS 1481,1964.0,1408.0,Warren,577,POINTER v. TEXAS,3/15/1965,,100.0,,28.0,51.0,1.0,,,0.0,302.0,51.0,300.0,51.0,0.0,10.0,2.0,1.0,1.0,4.0,0.0,1.0,1.0,0.0,10270.0,1.0,2.0,0.0,2.0,,2.0,213.0,,78.0,90.0,1.0,9.0,0.0,23291.0,Pointer v. Texas,1965.0,0.0,11913,77.0,39.0
1965-013,1965-013-01,1965-013-01-01,1965-013-01-01-01,11/22/1965,1.0,382US111,86 S. Ct. 258,15 L. Ed. 2d 194,1965 U.S. LEXIS 2252,1965.0,1409.0,Warren,9,"SWIFT & CO., INC., et al. v. WICKHAM, COMMISSIONER OF AGRICULTURE & MARKETS OF NEW YORK",10/13/1965,,158.0,,19.0,37.0,2.0,4.0,,1.0,96.0,,96.0,,0.0,1.0,9.0,1.0,1.0,9.0,0.0,0.0,1.0,0.0,90340.0,9.0,1.0,0.0,4.0,,6.0,600.0,28 U.S.C. § 1253,91.0,90.0,1.0,6.0,3.0,23425.0,Swift & Co. v. Wickham,1965.0,0.0,22448,37.0,24.0
1965-019,1965-019-01,1965-019-01-01,1965-019-01-01-01,12/6/1965,1.0,382US162,86 S. Ct. 352,15 L. Ed. 2d 240,1965 U.S. LEXIS 122,1965.0,1409.0,Warren,6,HARRIS v. UNITED STATES,10/11/1965,,254.0,,27.0,,1.0,,,0.0,96.0,,22.0,,0.0,12.0,2.0,1.0,1.0,4.0,0.0,1.0,1.0,0.0,10080.0,1.0,2.0,0.0,4.0,,4.0,401.0,,81.0,90.0,1.0,5.0,4.0,23433.0,Harris v. United States,1965.0,0.0,21803,6.0,17.0
1965-079,1965-079-01,1965-079-01-01,1965-079-01-01-01,3/24/1966,1.0,383US663,86 S. Ct. 1079,16 L. Ed. 2d 169,1966 U.S. LEXIS 2905,1965.0,1409.0,Warren,48,HARPER et al. v. VIRGINIA BOARD OF ELECTIONS et al.,1/25/1966,,251.0,,4.0,55.0,2.0,,,1.0,126.0,,126.0,,0.0,1.0,9.0,1.0,3.0,3.0,0.0,1.0,1.0,0.0,20010.0,2.0,2.0,0.0,2.0,,2.0,231.0,,81.0,90.0,1.0,6.0,3.0,23531.0,Harper v. Virginia State Bd. of Elections,1966.0,0.0,18772,59.0,43.0
1965-122,1965-122-01,1965-122-01-01,1965-122-01-01-01,6/13/1966,1.0,384US436,86 S. Ct. 1602,16 L. Ed. 2d 694,1966 U.S. LEXIS 2817,1965.0,1409.0,Warren,759,MIRANDA v. ARIZONA,2/28/1966,,100.0,,28.0,4.0,1.0,,,0.0,302.0,4.0,300.0,4.0,0.0,11.0,2.0,1.0,1.0,3.0,0.0,1.0,1.0,0.0,10100.0,1.0,2.0,0.0,2.0,,2.0,210.0,,90.0,90.0,1.0,5.0,4.0,23601.0,Miranda v. Arizona,1966.0,0.0,21675 21680,225.0,81.0
1966-039,1966-039-01,1966-039-01-01,1966-039-01-01-01,1/16/1967,7.0,385US511,87 S. Ct. 625,17 L. Ed. 2d 574,1967 U.S. LEXIS 2504,1966.0,1409.0,Warren,62,SPEVACK v. KLEIN,11/7/1966,,111.0,,6.0,37.0,1.0,,,0.0,301.0,37.0,300.0,37.0,0.0,11.0,2.0,1.0,1.0,3.0,0.0,1.0,1.0,0.0,10090.0,1.0,2.0,0.0,2.0,,2.0,210.0,,81.0,90.0,1.0,5.0,4.0,23730.0,Spevack v. Klein,1967.0,0.0,22262,20.0,27.0
1966-044,1966-044-01,1966-044-01-01,1966-044-01-01-01,1/23/1967,1.0,385US589,87 S. Ct. 675,17 L. Ed. 2d 629,1967 U.S. LEXIS 2454,1966.0,1409.0,Warren,105,KEYISHIAN et al. v. BOARD OF REGENTS OF THE UNIVERSITY OF THE STATE OF NEW YORK et al.,11/17/1966,,8.0,37.0,26.0,37.0,2.0,,,1.0,97.0,,97.0,,0.0,1.0,,1.0,3.0,4.0,0.0,1.0,1.0,0.0,30110.0,3.0,2.0,0.0,2.0,,2.0,200.0,,92.0,90.0,1.0,5.0,4.0,23736.0,Keyishian v. Board of Regents,1967.0,0.0,20866,60.0,34.0
1966-108,1966-108-01,1966-108-01-01,1966-108-01-01-01,5/29/1967,1.0,387US253,87 S. Ct. 1660,18 L. Ed. 2d 757,1967 U.S. LEXIS 2844,1966.0,1409.0,Warren,456,"AFROYIM v. RUSK, SECRETARY OF STATE",2/20/1967,,106.0,,328.0,,1.0,28.0,,0.0,96.0,,22.0,,0.0,11.0,2.0,1.0,2.0,3.0,0.0,1.0,1.0,0.0,20280.0,2.0,2.0,0.0,1.0,,2.0,229.0,,78.0,90.0,1.0,5.0,4.0,23876.0,Afroyim v. Rusk,1967.0,0.0,21579,5.0,13.0
1966-109,1966-109-01,1966-109-01-01,1966-109-01-01-01,5/29/1967,1.0,387US294,87 S. Ct. 1642,18 L. Ed. 2d 782,1967 U.S. LEXIS 2753,1966.0,1409.0,Warren,480,"WARDEN, MARYLAND PENITENTIARY v. HAYDEN",4/12/1967,,28.0,25.0,100.0,,1.0,,,0.0,79.0,,24.0,,1.0,12.0,3.0,2.0,1.0,3.0,0.0,1.0,1.0,1.0,10050.0,1.0,1.0,0.0,2.0,,2.0,205.0,,92.0,78.0,1.0,6.0,3.0,23877.0,"Warden, Maryland Penitentiary v. Hayden",1967.0,0.0,15627,64.0,43.0
1966-116,1966-116-01,1966-116-01-01,1966-116-01-01-01,6/5/1967,1.0,387US523,87 S. Ct. 1727,18 L. Ed. 2d 930,1967 U.S. LEXIS 1254,1966.0,1409.0,Warren,92,CAMARA v. MUNICIPAL COURT OF THE CITY AND COUNTY OF SAN FRANCISCO,2/15/1967,,195.0,,6.0,6.0,2.0,,,0.0,302.0,6.0,301.0,6.0,0.0,1.0,2.0,1.0,4.0,5.0,0.0,1.0,1.0,0.0,10050.0,1.0,2.0,0.0,2.0,,2.0,205.0,,95.0,90.0,1.0,6.0,3.0,23889.0,Camara v. Municipal Court of San Francisco,1967.0,0.0,21843,69.0,20.0
1966-122,1966-122-01,1966-122-01-01,1966-122-01-01-01,6/12/1967,1.0,388US41,87 S. Ct. 1873,18 L. Ed. 2d 1040,1967 U.S. LEXIS 2964,1966.0,1409.0,Warren,615,BERGER v. NEW YORK,4/13/1967,,100.0,,28.0,37.0,1.0,,,0.0,302.0,37.0,300.0,37.0,1.0,12.0,2.0,1.0,3.0,3.0,0.0,1.0,1.0,0.0,10050.0,1.0,2.0,0.0,2.0,,2.0,205.0,,88.0,90.0,1.0,6.0,3.0,,,,,,,
1967-043,1967-043-01,1967-043-01-01,1967-043-01-01-01,12/18/1967,1.0,389US347,88 S. Ct. 507,19 L. Ed. 2d 576,1967 U.S. LEXIS 2,1967.0,1410.0,Warren,35,KATZ v. UNITED STATES,10/17/1967,,100.0,,27.0,,1.0,,,0.0,51.0,,29.0,,0.0,11.0,2.0,1.0,1.0,3.0,0.0,1.0,1.0,0.0,10050.0,1.0,2.0,0.0,1.0,,2.0,205.0,,94.0,90.0,1.0,7.0,1.0,24012.0,Katz v. United States,1967.0,0.0,17215,127.0,44.0
1967-061,1967-061-01,1967-061-01-01,1967-061-01-01-01,1/29/1968,1.0,390US39,88 S. Ct. 697,19 L. Ed. 2d 889,1968 U.S. LEXIS 3130,1967.0,1410.0,Warren,2,MARCHETTI v. UNITED STATES,1/17/1967,10/10/1967,240.0,,27.0,,1.0,,,0.0,53.0,,22.0,,0.0,11.0,2.0,1.0,2.0,3.0,0.0,1.0,1.0,0.0,10090.0,1.0,2.0,0.0,4.0,,3.0,345.0,,91.0,78.0,1.0,7.0,1.0,24068.0,Marchetti v. United States,1968.0,0.0,20977 21168,41.0,22.0
1967-116,1967-116-01,1967-116-01-01,1967-116-01-01-01,5/20/1968,1.0,391US54,88 S. Ct. 1549,20 L. Ed. 2d 426,1968 U.S. LEXIS 1628,1967.0,1410.0,Warren,802,"PEYTON, PENITENTIARY SUPERINTENDENT v. ROWE et al.",3/27/1968,,28.0,55.0,215.0,,1.0,,,0.0,127.0,,24.0,,0.0,11.0,3.0,2.0,1.0,2.0,0.0,0.0,1.0,0.0,10020.0,1.0,2.0,0.0,4.0,,3.0,341.0,,90.0,90.0,1.0,9.0,0.0,24158.0,Peyton v. Rowe,1968.0,0.0,18218,25.0,25.0
1967-121,1967-121-01,1967-121-01-01,1967-121-01-01-01,5/20/1968,1.0,391US123,88 S. Ct. 1620,20 L. Ed. 2d 476,1968 U.S. LEXIS 1630,1967.0,1410.0,Warren,705,BRUTON v. UNITED STATES,3/11/1968,,100.0,,27.0,,1.0,,,0.0,86.0,,28.0,,0.0,11.0,2.0,1.0,1.0,3.0,0.0,1.0,1.0,0.0,10270.0,1.0,2.0,0.0,1.0,,2.0,213.0,,92.0,90.0,1.0,6.0,2.0,24163.0,Bruton v. United States,1968.0,0.0,21337,70.0,22.0
1967-122,1967-122-01,1967-122-01-01,1967-122-01-01-01,5/20/1968,1.0,391US145,88 S. Ct. 1444,20 L. Ed. 2d 491,1968 U.S. LEXIS 1631,1967.0,1410.0,Warren,410,DUNCAN v. LOUISIANA,1/17/1968,,100.0,,28.0,22.0,2.0,,,0.0,302.0,22.0,300.0,22.0,0.0,1.0,9.0,1.0,1.0,4.0,0.0,1.0,1.0,0.0,10580.0,1.0,2.0,0.0,2.0,,2.0,215.0,,95.0,90.0,1.0,7.0,2.0,24164.0,Duncan v. Louisiana,1968.0,0.0,11028,107.0,47.0
1967-126,1967-126-01,1967-126-01-01,1967-126-01-01-01,5/20/1968,1.0,391US234,88 S. Ct. 1556,20 L. Ed. 2d 554,1968 U.S. LEXIS 2995,1967.0,1410.0,Warren,71,"CARAFAS v. LAVALLEE, WARDEN",3/27/1968,,100.0,,28.0,37.0,1.0,,,0.0,95.0,,22.0,,0.0,11.0,9.0,1.0,1.0,5.0,0.0,1.0,1.0,0.0,10020.0,1.0,2.0,0.0,4.0,,3.0,341.0,,97.0,90.0,1.0,8.0,0.0,24168.0,Carafas v. LaVallee,1968.0,0.0,22051,30.0,13.0
1967-179,1967-179-01,1967-179-01-01,1967-179-01-01-01,6/17/1968,1.0,392US378,88 S. Ct. 2096,20 L. Ed. 2d 1166,1968 U.S. LEXIS 3098,1967.0,1410.0,Warren,174,LEE et al. v. FLORIDA,5/2/1968,,100.0,,28.0,12.0,1.0,,,0.0,302.0,12.0,301.0,12.0,0.0,11.0,2.0,1.0,1.0,3.0,0.0,1.0,1.0,0.0,10050.0,1.0,2.0,0.0,4.0,,3.0,326.0,,94.0,90.0,1.0,6.0,3.0,24246.0,Lee v. Florida,1968.0,0.0,20942,7.0,13.0
1967-181,1967-181-01,1967-181-01-01,1967-181-01-01-01,6/17/1968,1.0,392US409,88 S. Ct. 2186,20 L. Ed. 2d 1189,1968 U.S. LEXIS 2980,1967.0,1410.0,Warren,645,JONES ET UX. v. ALFRED H. MAYER CO. et al.,4/1/1968,,222.0,,139.0,,1.0,,,0.0,86.0,,28.0,,0.0,11.0,2.0,1.0,1.0,3.0,0.0,1.0,1.0,0.0,20040.0,2.0,2.0,0.0,4.0,,3.0,342.0,,94.0,90.0,1.0,7.0,2.0,24248.0,Jones v. Alfred H. Mayer Co.,1968.0,0.0,12333,46.0,62.0
1968-091,1968-091-01,1968-091-01-01,1968-091-01-01-01,5/5/1969,1.0,394US814,89 S. Ct. 1493,23 L. Ed. 2d 1,1969 U.S. LEXIS 1700,1968.0,1410.0,Warren,620,"MOORE et al. v. OGILVIE, GOVERNOR OF ILLINOIS, et al.",3/27/1969,,211.0,,4.0,17.0,2.0,117.0,17.0,1.0,66.0,,66.0,,0.0,1.0,9.0,1.0,3.0,3.0,0.0,1.0,1.0,0.0,20030.0,2.0,2.0,0.0,2.0,,2.0,231.0,,81.0,90.0,1.0,7.0,2.0,24482.0,Moore v. Ogilvie,1969.0,0.0,20478,31.0,12.0
1968-124,1968-124-01,1968-124-01-01,1968-124-01-01-01,6/9/1969,6.0,395US444,89 S. Ct. 1827,23 L. Ed. 2d 430,1969 U.S. LEXIS 1367,1968.0,1411.0,Warren,492,BRANDENBURG v. OHIO,2/27/1969,,218.0,,28.0,41.0,2.0,,,0.0,302.0,41.0,300.0,41.0,0.0,1.0,9.0,1.0,3.0,3.0,0.0,1.0,1.0,0.0,30010.0,3.0,2.0,0.0,2.0,,2.0,200.0,,,90.0,1.0,8.0,0.0,24533.0,Brandenburg v. Ohio,1969.0,0.0,16992,40.0,37.0
1968-131,1968-131-01,1968-131-01-01,1968-131-01-01-01,6/16/1969,1.0,395US653,89 S. Ct. 1902,23 L. Ed. 2d 610,1969 U.S. LEXIS 3099,1968.0,1411.0,Warren,56,"LEAR, INC. v. ADKINS",11/20/1968,,103.0,,172.0,,1.0,,,0.0,302.0,6.0,300.0,6.0,0.0,11.0,3.0,2.0,1.0,5.0,0.0,1.0,1.0,1.0,80180.0,8.0,1.0,0.0,7.0,,5.0,507.0,,91.0,91.0,1.0,5.0,3.0,24543.0,"Lear, Inc. v. Adkins",1969.0,0.0,20700,10.0,26.0
1968-136,1968-136-01,1968-136-01-01,1968-136-01-01-01,6/23/1969,1.0,395US752,89 S. Ct. 2034,23 L. Ed. 2d 685,1969 U.S. LEXIS 1166,1968.0,1411.0,Warren,770,CHIMEL v. CALIFORNIA,3/27/1969,,110.0,,28.0,6.0,1.0,,,0.0,302.0,6.0,300.0,6.0,0.0,11.0,2.0,1.0,1.0,3.0,0.0,1.0,1.0,0.0,10050.0,1.0,2.0,0.0,2.0,,2.0,205.0,,94.0,90.0,1.0,6.0,2.0,24550.0,Chimel v. California,1969.0,0.0,20308 20653,59.0,46.0
1968-137,1968-137-01,1968-137-01-01,1968-137-01-01-01,6/23/1969,1.0,395US784,89 S. Ct. 2056,23 L. Ed. 2d 707,1969 U.S. LEXIS 1167,1968.0,1411.0,Warren,201,BENTON v. MARYLAND,3/24/1969,,100.0,,28.0,25.0,1.0,,,0.0,302.0,25.0,301.0,25.0,0.0,12.0,2.0,1.0,1.0,4.0,0.0,1.0,1.0,0.0,10170.0,1.0,2.0,0.0,2.0,7.0,2.0,206.0,,98.0,90.0,1.0,6.0,2.0,24551.0,Benton v. Maryland,1969.0,0.0,18777,75.0,47.0
1969-072,1969-072-01,1969-072-01-01,1969-072-01-01-01,4/6/1970,1.0,397US436,90 S. Ct. 1189,25 L. Ed. 2d 469,1970 U.S. LEXIS 54,1969.0,1501.0,Burger,57,"ASHE v. SWENSON, WARDEN",11/13/1969,,126.0,,28.0,30.0,1.0,,,0.0,87.0,,28.0,,0.0,10.0,2.0,1.0,1.0,3.0,0.0,1.0,1.0,0.0,10170.0,1.0,2.0,0.0,2.0,,2.0,206.0,,94.0,78.0,1.0,7.0,1.0,,,,,,,
1969-102,1969-102-01,1969-102-01-01,1969-102-01-01-01,6/1/1970,1.0,398US235,90 S. Ct. 1583,26 L. Ed. 2d 199,1970 U.S. LEXIS 79,1969.0,1501.0,Burger,768,"BOYS MARKETS, INC. v. RETAIL CLERKS UNION, LOCAL 770",4/21/1970,,151.0,,249.0,,1.0,,,0.0,48.0,,29.0,,0.0,12.0,3.0,2.0,1.0,4.0,0.0,1.0,1.0,0.0,70010.0,7.0,1.0,0.0,4.0,,3.0,357.0,,92.0,99.0,1.0,5.0,2.0,24782.0,"Boys Markets, Inc. v. Retail Clerks Union",1970.0,0.0,22521,40.0,27.0
1969-110,1969-110-01,1969-110-01-01,1969-110-01-01-01,6/15/1970,1.0,398US323,90 S. Ct. 1757,26 L. Ed. 2d 300,1970 U.S. LEXIS 22,1969.0,1502.0,Burger,269,PRICE v. GEORGIA,4/27/1970,,126.0,,28.0,13.0,1.0,,,0.0,302.0,13.0,300.0,13.0,0.0,12.0,2.0,1.0,1.0,4.0,0.0,1.0,1.0,0.0,10170.0,1.0,2.0,0.0,2.0,,2.0,206.0,,99.0,99.0,1.0,8.0,0.0,,,,,,,
1969-112,1969-112-01,1969-112-01-01,1969-112-01-01-01,6/15/1970,1.0,398US375,90 S. Ct. 1772,26 L. Ed. 2d 339,1970 U.S. LEXIS 76,1969.0,1502.0,Burger,175,"MORAGNE v. STATES MARINE LINES, INC., et al.",3/4/1970,,145.0,,116.0,,1.0,,,0.0,56.0,,25.0,,0.0,10.0,2.0,1.0,1.0,4.0,0.0,1.0,1.0,0.0,80050.0,8.0,2.0,0.0,7.0,,,,,91.0,99.0,1.0,8.0,0.0,24795.0,Moragne v. States Marine Lines,1970.0,0.0,7589,26.0,30.0
1969-121,1969-121-01,1969-121-01-01,1969-121-01-01-01,6/22/1970,1.0,399US78,90 S. Ct. 1893,26 L. Ed. 2d 446,1970 U.S. LEXIS 98,1969.0,1502.0,Burger,927,WILLIAMS v. FLORIDA,3/4/1970,,100.0,,28.0,12.0,1.0,,,0.0,302.0,12.0,301.0,12.0,0.0,12.0,2.0,1.0,1.0,2.0,0.0,0.0,1.0,0.0,10090.0,1.0,1.0,0.0,2.0,,2.0,210.0,,95.0,99.0,1.0,6.0,2.0,,,,,,,
1970-095,1970-095-01,1970-095-01-01,1970-095-01-01-01,5/3/1971,1.0,402US313,91 S. Ct. 1434,28 L. Ed. 2d 788,1971 U.S. LEXIS 119,1970.0,1502.0,Burger,338,"BLONDER-TONGUE LABORATORIES, INC. v. UNIVERSITY OF ILLINOIS FOUNDATION et al.",1/14/1971,,184.0,,172.0,,1.0,,,0.0,66.0,,27.0,,0.0,2.0,2.0,1.0,1.0,5.0,0.0,1.0,1.0,0.0,80180.0,8.0,2.0,0.0,7.0,,5.0,507.0,,95.0,99.0,1.0,9.0,0.0,24960.0,Blonder-Tongue Lab. v. University of Illinois Found.,1971.0,0.0,18532,36.0,42.0
1970-115,1970-115-01,1970-115-01-01,1970-115-01-01-01,6/1/1971,1.0,402US637,91 S. Ct. 1704,29 L. Ed. 2d 233,1971 U.S. LEXIS 127,1970.0,1502.0,Burger,5175,"PEREZ ET UX. v. CAMPBELL, SUPERINTENDENT, MOTOR VEHICLE DIVISION, ARIZONA HIGHWAY DEPARTMENT, et al.",1/19/1971,,177.0,,28.0,4.0,1.0,117.0,4.0,0.0,45.0,,29.0,,0.0,12.0,2.0,1.0,3.0,4.0,0.0,1.0,1.0,0.0,80030.0,8.0,2.0,0.0,4.0,,3.0,307.0,,95.0,78.0,1.0,5.0,4.0,24980.0,Perez v. Campbell,1971.0,0.0,22448 19431,21.0,23.0
1970-123,1970-123-01,1970-123-01-01,1970-123-01-01-01,6/7/1971,1.0,403US88,91 S. Ct. 1790,29 L. Ed. 2d 338,1971 U.S. LEXIS 3774,1970.0,1502.0,Burger,144,GRIFFIN et al. v. BRECKENRIDGE et al.,1/13/1971,,222.0,,214.0,,1.0,,,0.0,85.0,,25.0,,0.0,12.0,2.0,1.0,1.0,4.0,0.0,1.0,1.0,0.0,20400.0,2.0,2.0,0.0,4.0,,3.0,315.0,,94.0,99.0,1.0,9.0,0.0,,,,,,,
1971-075,1971-075-01,1971-075-01-01,1971-075-01-01-01,3/21/1972,1.0,405US330,92 S. Ct. 995,31 L. Ed. 2d 274,1972 U.S. LEXIS 75,1971.0,1504.0,Burger,70-13,"DUNN, GOVERNOR OF TENNESSEE, et al. v. BLUMSTEIN",11/16/1971,,28.0,50.0,251.0,,2.0,117.0,50.0,1.0,117.0,,117.0,,0.0,1.0,,2.0,3.0,2.0,0.0,0.0,1.0,0.0,20220.0,2.0,2.0,0.0,2.0,,2.0,231.0,,98.0,81.0,1.0,6.0,1.0,,,,,,,
1971-094,1971-094-01,1971-094-01-01,1971-094-01-01-01,4/24/1972,1.0,406US91,92 S. Ct. 1385,31 L. Ed. 2d 712,1972 U.S. LEXIS 107,1971.0,1504.0,Burger,49 ORIG,"ILLINOIS v. CITY OF MILWAUKEE, WISCONSIN, et al.",2/29/1972,,28.0,17.0,3.0,58.0,9.0,,,0.0,,,,,0.0,1.0,,,1.0,,0.0,0.0,1.0,0.0,80130.0,8.0,1.0,0.0,4.0,,6.0,600.0,28 U.S.C. § 1251,81.0,99.0,1.0,9.0,0.0,25159.0,Illinois v. Milwaukee,1972.0,0.0,24921,28.0,34.0
1971-106,1971-106-01,1971-106-01-01,1971-106-01-01-01,5/15/1972,1.0,406US320,92 S. Ct. 1562,32 L. Ed. 2d 95,1972 U.S. LEXIS 106,1971.0,1504.0,Burger,71-300,ANDREWS v. LOUISVILLE & NASHVILLE RAILROAD CO. et al.,3/22/1972,,145.0,,231.0,,1.0,,,0.0,60.0,,25.0,,0.0,12.0,2.0,1.0,1.0,2.0,0.0,0.0,1.0,0.0,80050.0,8.0,1.0,0.0,4.0,,3.0,363.0,,102.0,99.0,1.0,7.0,1.0,25170.0,Andrews v. Louisville & N. R. Co.,1972.0,0.0,19380,7.0,16.0
1972-056,1972-056-01,1972-056-01-01,1972-056-01-01-01,2/22/1973,1.0,410US356,93 S. Ct. 1001,35 L. Ed. 2d 351,1973 U.S. LEXIS 135,1972.0,1504.0,Burger,71-685,"LEHNHAUSEN, DIRECTOR, DEPARTMENT OF LOCAL GOVERNMENT AFFAIRS OF ILLINOIS v. LAKE SHORE AUTO PARTS CO. et al.",1/15/1973,,28.0,17.0,195.0,,1.0,,,0.0,302.0,17.0,300.0,17.0,1.0,12.0,,1.0,1.0,3.0,0.0,1.0,1.0,0.0,80100.0,8.0,2.0,0.0,2.0,,2.0,231.0,,81.0,99.0,1.0,9.0,0.0,25355.0,Lehnhausen v. Lake Shore Auto Parts Co.,1973.0,0.0,17212,18.0,15.0
1972-065,1972-065-01,1972-065-01-01,1972-065-01-01-01,2/28/1973,1.0,410US484,93 S. Ct. 1123,35 L. Ed. 2d 443,1973 U.S. LEXIS 17,1972.0,1504.0,Burger,71-6516,BRADEN v. 30TH JUDICIAL CIRCUIT COURT OF KENTUCKY,12/5/1972,,100.0,,6.0,21.0,1.0,,,0.0,74.0,,26.0,,0.0,2.0,3.0,1.0,1.0,4.0,0.0,1.0,1.0,0.0,10020.0,1.0,2.0,0.0,4.0,,3.0,341.0,,92.0,81.0,1.0,6.0,3.0,25364.0,Braden v. 30th Judicial Circuit Court,1973.0,0.0,20475,13.0,32.0
1972-158,1972-158-01,1972-158-01-01,1972-158-01-01-01,6/21/1973,1.0,413US15,93 S. Ct. 2607,37 L. Ed. 2d 419,1973 U.S. LEXIS 149,1972.0,1504.0,Burger,70-73,MILLER v. CALIFORNIA,1/18/1972,11/7/1972,101.0,,28.0,6.0,2.0,,,0.0,302.0,6.0,302.0,6.0,0.0,1.0,2.0,1.0,1.0,5.0,0.0,1.0,1.0,0.0,30190.0,3.0,1.0,1.0,2.0,,2.0,200.0,,99.0,99.0,1.0,5.0,4.0,25472.0,Miller v. California,1973.0,0.0,23518,131.0,68.0
1973-020,1973-020-01,1973-020-01-01,1973-020-01-01-01,12/5/1973,1.0,414US156,94 S. Ct. 407,38 L. Ed. 2d 379,1973 U.S. LEXIS 181,1973.0,1504.0,Burger,72-1176,"NORTH DAKOTA STATE BOARD OF PHARMACY v. SNYDER'S DRUG STORES, INC.",11/6/1973,,4.0,39.0,144.0,,1.0,117.0,39.0,0.0,302.0,39.0,300.0,39.0,0.0,12.0,11.0,1.0,1.0,4.0,0.0,1.0,1.0,0.0,80110.0,8.0,2.0,0.0,2.0,,2.0,230.0,,81.0,99.0,1.0,9.0,0.0,25523.0,"North Dakota State Bd. of Pharmacy v. Snyder's Drug Stores, Inc.",1973.0,0.0,17235,16.0,20.0
1973-077,1973-077-01,1973-077-01-01,1973-077-01-01-01,3/25/1974,1.0,415US651,94 S. Ct. 1347,39 L. Ed. 2d 662,1974 U.S. LEXIS 115,1973.0,1504.0,Burger,72-1410,"EDELMAN, DIRECTOR, DEPARTMENT OF PUBLIC AID OF ILLINOIS v. JORDAN",12/12/1973,,19.0,17.0,164.0,,1.0,117.0,17.0,0.0,66.0,,27.0,,0.0,4.0,2.0,2.0,1.0,4.0,0.0,1.0,1.0,0.0,20180.0,2.0,1.0,0.0,2.0,,2.0,224.0,,102.0,99.0,1.0,5.0,4.0,25629.0,EDELMAN v. JORDAN,1974.0,0.0,24462,92.0,39.0
1973-102,1973-102-01,1973-102-01-01,1973-102-01-01-01,5/13/1974,1.0,416US600,94 S. Ct. 1895,40 L. Ed. 2d 406,1974 U.S. LEXIS 137,1973.0,1504.0,Burger,72-6160,MITCHELL v. W. T. GRANT CO.,12/4/1973,,134.0,,135.0,,1.0,,,0.0,302.0,22.0,300.0,22.0,0.0,12.0,2.0,1.0,1.0,2.0,0.0,0.0,1.0,0.0,20100.0,2.0,1.0,0.0,2.0,,2.0,230.0,,95.0,99.0,1.0,5.0,4.0,,,,,,,
1974-025,1974-025-01,1974-025-01-01,1974-025-01-01-01,1/21/1975,1.0,419US522,95 S. Ct. 692,42 L. Ed. 2d 690,1975 U.S. LEXIS 2,1974.0,1504.0,Burger,73-5744,TAYLOR v. LOUISIANA,10/16/1974,,179.0,,28.0,22.0,2.0,,,0.0,302.0,22.0,300.0,22.0,1.0,1.0,2.0,1.0,3.0,4.0,0.0,1.0,1.0,0.0,20130.0,2.0,2.0,0.0,2.0,,2.0,215.0,,95.0,99.0,1.0,8.0,1.0,25829.0,Taylor v. Louisiana,1975.0,0.0,22374,32.0,19.0
1974-098,1974-098-01,1974-098-01-01,1974-098-01-01-01,5/19/1975,1.0,421US397,95 S. Ct. 1708,44 L. Ed. 2d 250,1975 U.S. LEXIS 151,1974.0,1504.0,Burger,74-363,"UNITED STATES v. RELIABLE TRANSFER CO., INC.",3/19/1975,,27.0,,116.0,,1.0,,,0.0,94.0,,22.0,,0.0,11.0,2.0,1.0,1.0,5.0,0.0,1.0,1.0,0.0,80060.0,8.0,1.0,0.0,7.0,,3.0,374.0,,94.0,99.0,1.0,9.0,0.0,25909.0,United States v. Reliable Transfer Co.,1975.0,0.0,2675,8.0,23.0
1975-024,1975-024-01,1975-024-01-01,1975-024-01-01-01,1/14/1976,1.0,423US276,96 S. Ct. 535,46 L. Ed. 2d 495,1976 U.S. LEXIS 120,1975.0,1506.0,Burger,74-1396,"MICHELIN TIRE CORP. v. WAGES, TAX COMMISSIONER, et al.",10/15/1975,,252.0,,5.0,13.0,1.0,117.0,13.0,0.0,302.0,13.0,300.0,13.0,0.0,12.0,6.0,2.0,1.0,2.0,0.0,0.0,1.0,0.0,80100.0,8.0,2.0,0.0,2.0,,1.0,129.0,,92.0,99.0,1.0,8.0,0.0,26024.0,Michelin Tire Corp. v. Wages,1976.0,0.0,4222,21.0,9.0
1975-026,1975-026-01,1975-026-01-01,1975-026-01-01-01,1/19/1976,2.0,423US325,96 S. Ct. 579,46 L. Ed. 2d 531,1976 U.S. LEXIS 39,1975.0,1506.0,Burger,75-543,DOVE v. UNITED STATES,,,100.0,,27.0,,1.0,,,0.0,98.0,,24.0,,0.0,12.0,2.0,1.0,1.0,9.0,0.0,0.0,1.0,0.0,90200.0,9.0,1.0,0.0,3.0,,,,,,99.0,1.0,8.0,1.0,26026.0,Dove v. United States,1976.0,0.0,24918,1.0,1.0
1975-044,1975-044-01,1975-044-01-01,1975-044-01-01-01,3/3/1976,1.0,424US507,96 S. Ct. 1029,47 L. Ed. 2d 196,1976 U.S. LEXIS 5,1975.0,1506.0,Burger,74-773,HUDGENS v. NATIONAL LABOR RELATIONS BOARD et al.,10/14/1975,,235.0,,382.0,,1.0,82.0,,0.0,25.0,,25.0,,0.0,10.0,2.0,2.0,1.0,5.0,0.0,1.0,1.0,0.0,30010.0,3.0,1.0,0.0,1.0,,2.0,200.0,,94.0,99.0,1.0,6.0,2.0,26050.0,Hudgens v. NLRB,1976.0,0.0,24171,20.0,31.0
1975-098,1975-098-01,1975-098-01-01,1975-098-01-01-01,5/24/1976,1.0,425US748,96 S. Ct. 1817,48 L. Ed. 2d 346,1976 U.S. LEXIS 55,1975.0,1506.0,Burger,74-895,"VIRGINIA STATE BOARD OF PHARMACY et al. v. VIRGINIA CITIZENS CONSUMER COUNCIL, INC., et al.",11/11/1975,,4.0,55.0,134.0,,2.0,,,1.0,126.0,,126.0,,0.0,1.0,,2.0,3.0,2.0,0.0,0.0,1.0,0.0,30020.0,3.0,2.0,0.0,2.0,,2.0,200.0,,100.0,99.0,1.0,7.0,1.0,26109.0,Virginia State Bd. of Pharmacy v. Virginia Citizens Consumer Council,1976.0,0.0,19537,72.0,62.0
1975-143,1975-143-01,1975-143-01-01,1975-143-01-01-01,6/24/1976,1.0,426US833,96 S. Ct. 2465,49 L. Ed. 2d 245,1976 U.S. LEXIS 158,1975.0,1506.0,Burger,74-878,"NATIONAL LEAGUE OF CITIES et al. v. USERY, SECRETARY OF LABOR",4/16/1975,3/2/1976,207.0,,371.0,,2.0,,,1.0,55.0,,55.0,,0.0,1.0,,2.0,2.0,4.0,0.0,1.0,1.0,0.0,70040.0,7.0,1.0,0.0,1.0,,1.0,111.0,,102.0,99.0,1.0,5.0,4.0,26158.0,National League of Cities v. Usery,1976.0,27996.0,24222,43.0,49.0
1975-149,1975-149-01,1975-149-01-01,1975-149-01-01-01,6/25/1976,1.0,427US132,96 S. Ct. 2548,49 L. Ed. 2d 396,1976 U.S. LEXIS 159,1975.0,1506.0,Burger,75-185,"LODGE 76, INTERNATIONAL ASSOCIATION OF MACHINISTS & AEROSPACE WORKERS, AFL-CIO, et al. v. WISCONSIN EMPLOYMENT RELATIONS COMMISSION et al.",3/22/1976,,249.0,,4.0,58.0,1.0,117.0,58.0,0.0,302.0,58.0,300.0,58.0,0.0,12.0,2.0,1.0,1.0,3.0,0.0,1.0,1.0,0.0,100020.0,10.0,2.0,0.0,4.0,,3.0,356.0,,92.0,99.0,1.0,6.0,3.0,26167.0,Int'l Ass'n of Machinists & Aero. Workers v. Wis. Employment Relations Comm 'n,1976.0,0.0,20521,22.0,35.0
1975-155,1975-155-01,1975-155-01-01,1975-155-01-01-01,6/25/1976,6.0,427US297,96 S. Ct. 2513,49 L. Ed. 2d 511,1976 U.S. LEXIS 75,1975.0,1506.0,Burger,74-775,"CITY OF NEW ORLEANS et al. v. DUKES, DBA LOUISIANA CONCESSIONS",11/11/1975,,3.0,22.0,228.0,,2.0,,,0.0,75.0,,25.0,,0.0,1.0,4.0,2.0,1.0,4.0,0.0,1.0,1.0,0.0,80110.0,8.0,1.0,0.0,2.0,,2.0,231.0,,,99.0,1.0,8.0,0.0,26173.0,New Orleans v. Dukes,1976.0,0.0,21436,30.0,15.0
1975-173,1975-173-01,1975-173-01-01,1975-173-01-01-01,7/2/1976,7.0,428US153,96 S. Ct. 2909,49 L. Ed. 2d 859,1976 U.S. LEXIS 82,1975.0,1506.0,Burger,74-6257,GREGG v. GEORGIA,3/31/1976,,126.0,,28.0,13.0,1.0,,,0.0,302.0,13.0,300.0,13.0,0.0,11.0,12.0,1.0,1.0,2.0,0.0,0.0,1.0,0.0,10130.0,1.0,1.0,0.0,2.0,,2.0,221.0,,94.0,99.0,1.0,7.0,2.0,26191.0,Gregg v. Georgia,1976.0,0.0,24959,266.0,26.0
1976-006,1976-006-01,1976-006-01-01,1976-006-01-01-01,10/18/1976,2.0,429US17,97 S. Ct. 31,50 L. Ed. 2d 21,1976 U.S. LEXIS 167,1976.0,1506.0,Burger,72-1251,STANDARD OIL CO. OF CALIFORNIA v. UNITED STATES,,,198.0,,27.0,,1.0,,,0.0,50.0,,50.0,,0.0,,,1.0,1.0,9.0,0.0,1.0,1.0,0.0,90110.0,9.0,2.0,0.0,4.0,,4.0,400.0,,,99.0,1.0,8.0,0.0,,,,,,,
1976-025,1976-025-01,1976-025-01-01,1976-025-01-01-01,12/20/1976,1.0,429US190,97 S. Ct. 451,50 L. Ed. 2d 397,1976 U.S. LEXIS 183,1976.0,1506.0,Burger,75-628,"CRAIG et al. v. BOREN, GOVERNOR OF OKLAHOMA, et al.",10/5/1976,,179.0,,28.0,42.0,2.0,,,1.0,107.0,,107.0,,0.0,1.0,,1.0,3.0,3.0,0.0,1.0,1.0,0.0,20130.0,2.0,2.0,0.0,2.0,,2.0,231.0,,92.0,92.0,1.0,7.0,2.0,26229.0,Craig v. Boren,1976.0,0.0,20491,70.0,56.0
1976-035,1976-035-01,1976-035-01-01,1976-035-01-01-01,1/12/1977,1.0,429US363,97 S. Ct. 582,50 L. Ed. 2d 550,1977 U.S. LEXIS 8,1976.0,1506.0,Burger,75-567,OREGON ex rel. STATE LAND BOARD v. CORVALLIS SAND & GRAVEL CO.,10/4/1976,,28.0,43.0,187.0,,1.0,,,0.0,302.0,43.0,300.0,43.0,0.0,12.0,2.0,2.0,1.0,5.0,0.0,1.0,1.0,0.0,100130.0,10.0,1.0,0.0,7.0,,,,,102.0,99.0,1.0,6.0,3.0,26245.0,Oregon ex rel. State Land Bd. v. Corvallis Sand & Gravel Co.,1977.0,0.0,25531,9.0,31.0
1976-064,1976-064-01,1976-064-01-01,1976-064-01-01-01,3/7/1977,1.0,430US274,97 S. Ct. 1076,51 L. Ed. 2d 326,1977 U.S. LEXIS 56,1976.0,1506.0,Burger,76-29,"COMPLETE AUTO TRANSIT, INC. v. BRADY, CHAIRMAN, MISSISSIPPI TAX COMMISSION",1/19/1977,,245.0,,28.0,29.0,2.0,117.0,29.0,0.0,302.0,29.0,300.0,29.0,0.0,1.0,2.0,2.0,1.0,2.0,0.0,0.0,1.0,0.0,80100.0,8.0,2.0,0.0,2.0,,1.0,111.0,,100.0,99.0,1.0,9.0,0.0,26274.0,"Complete Auto Transit, Inc. v. Brady",1977.0,0.0,20762,40.0,17.0
1976-161,1976-161-01,1976-161-01-01,1976-161-01-01-01,6/23/1977,1.0,433US36,97 S. Ct. 2549,53 L. Ed. 2d 568,1977 U.S. LEXIS 134,1976.0,1506.0,Burger,76-15,"CONTINENTAL T.V., INC., et al. v. GTE SYLVANIA INC.",2/28/1977,,161.0,,184.0,,1.0,,,0.0,50.0,,29.0,,1.0,10.0,3.0,1.0,1.0,2.0,0.0,0.0,1.0,0.0,80010.0,8.0,1.0,0.0,4.0,,3.0,367.0,,101.0,99.0,1.0,6.0,2.0,26375.0,Continental T. V. v. GTE Sylvania,1977.0,0.0,23908,33.0,23.0
1976-166,1976-166-01,1976-166-01-01,1976-166-01-01-01,6/24/1977,1.0,433US186,97 S. Ct. 2569,53 L. Ed. 2d 683,1977 U.S. LEXIS 139,1976.0,1506.0,Burger,75-1812,SHAFFER et al. v. HEITNER,2/22/1977,,200.0,,193.0,,2.0,,,0.0,302.0,9.0,300.0,9.0,0.0,1.0,2.0,1.0,3.0,3.0,0.0,1.0,1.0,0.0,40060.0,4.0,2.0,0.0,2.0,,2.0,230.0,,98.0,99.0,1.0,7.0,1.0,26380.0,Shaffer v. Heitner,1977.0,0.0,5466 12124,24.0,48.0
1977-072,1977-072-01,1977-072-01-01,1977-072-01-01-01,4/26/1978,1.0,435US734,98 S. Ct. 1388,55 L. Ed. 2d 682,1978 U.S. LEXIS 24,1977.0,1506.0,Burger,76-1706,DEPARTMENT OF REVENUE OF WASHINGTON v. ASSOCIATION OF WASHINGTON STEVEDORING COMPANIES et al.,1/16/1978,,7.0,56.0,234.0,,1.0,117.0,56.0,0.0,302.0,56.0,300.0,56.0,1.0,11.0,2.0,1.0,1.0,4.0,0.0,1.0,1.0,0.0,80100.0,8.0,2.0,0.0,2.0,,1.0,111.0,,100.0,99.0,1.0,8.0,0.0,26492.0,Department of Revenue v. Association of Washington Stevedoring Cos.,1978.0,0.0,18755 20275,20.0,37.0
1977-103,1977-103-01,1977-103-01-01,1977-103-01-01-01,6/6/1978,1.0,436US658,98 S. Ct. 2018,56 L. Ed. 2d 611,1978 U.S. LEXIS 100,1977.0,1506.0,Burger,75-1914,MONELL et al. v. DEPARTMENT OF SOCIAL SERVICES OF THE CITY OF NEW YORK et al.,11/2/1977,,9.0,37.0,3.0,37.0,1.0,117.0,37.0,0.0,96.0,,22.0,,0.0,11.0,2.0,1.0,1.0,3.0,0.0,1.0,1.0,0.0,20400.0,2.0,2.0,0.0,4.0,7.0,3.0,314.0,,92.0,92.0,1.0,7.0,2.0,26538.0,Monell v. Dep't of Soc. Servs.,1978.0,0.0,22199,78.0,77.0
1977-109,1977-109-01,1977-109-01-01,1977-109-01-01-01,6/14/1978,1.0,437US1,98 S. Ct. 2141,57 L. Ed. 2d 1,1978 U.S. LEXIS 3,1977.0,1506.0,Burger,76-6528,BURKS v. UNITED STATES,11/28/1977,,136.0,,27.0,,1.0,,,0.0,117.0,,26.0,,0.0,11.0,3.0,1.0,1.0,4.0,0.0,1.0,1.0,0.0,10170.0,1.0,2.0,0.0,1.0,,2.0,206.0,,99.0,99.0,1.0,8.0,0.0,26548.0,Burks v. United States,1978.0,0.0,20638 21163 21427 21992,23.0,26.0
1977-113,1977-113-01,1977-113-01-01,1977-113-01-01-01,6/14/1978,1.0,437US82,98 S. Ct. 2187,57 L. Ed. 2d 65,1978 U.S. LEXIS 109,1977.0,1506.0,Burger,76-1382,UNITED STATES v. SCOTT,2/21/1978,,27.0,,100.0,,1.0,,,0.0,82.0,,26.0,,0.0,11.0,9.0,2.0,1.0,4.0,0.0,1.0,1.0,0.0,10170.0,1.0,1.0,0.0,1.0,,2.0,206.0,,102.0,99.0,1.0,5.0,4.0,26552.0,United States v. Scott,1978.0,0.0,25858,24.0,36.0
1978-023,1978-023-01,1978-023-01-01,1978-023-01-01-01,1/9/1979,1.0,439US357,99 S. Ct. 664,58 L. Ed. 2d 579,1979 U.S. LEXIS 208,1978.0,1506.0,Burger,77-6067,DUREN v. MISSOURI,11/1/1978,,100.0,,28.0,30.0,1.0,,,0.0,302.0,30.0,300.0,30.0,0.0,6.0,2.0,1.0,3.0,4.0,0.0,1.0,1.0,0.0,20130.0,2.0,2.0,0.0,2.0,,2.0,217.0,,95.0,99.0,1.0,8.0,1.0,,,,,,,
1978-080,1978-080-01,1978-080-01-01,1978-080-01-01-01,4/24/1979,1.0,441US322,99 S. Ct. 1727,60 L. Ed. 2d 250,1979 U.S. LEXIS 35,1978.0,1506.0,Burger,77-1439,HUGHES v. OKLAHOMA,1/9/1979,,157.0,,28.0,42.0,2.0,,,0.0,302.0,42.0,300.0,42.0,0.0,1.0,2.0,1.0,3.0,3.0,0.0,1.0,1.0,0.0,100080.0,10.0,2.0,0.0,2.0,,1.0,111.0,,92.0,92.0,1.0,7.0,2.0,26721.0,Hughes v. Oklahoma,1979.0,0.0,10219,29.0,31.0
1979-044,1979-044-01,1979-044-01-01,1979-044-01-01-01,2/27/1980,1.0,445US40,100 S. Ct. 906,63 L. Ed. 2d 186,1980 U.S. LEXIS 84,1979.0,1506.0,Burger,78-5705,TRAMMEL v. UNITED STATES,10/29/1979,,100.0,,27.0,,1.0,,,0.0,52.0,,30.0,,0.0,11.0,2.0,1.0,1.0,2.0,0.0,0.0,1.0,0.0,90110.0,9.0,1.0,0.0,7.0,,,,,99.0,99.0,1.0,9.0,0.0,26876.0,Trammel v. United States,1980.0,0.0,21731,7.0,16.0
1979-140,1979-140-01,1979-140-01-01,1979-140-01-01-01,6/25/1980,1.0,448US83,100 S. Ct. 2547,65 L. Ed. 2d 619,1980 U.S. LEXIS 141,1979.0,1506.0,Burger,79-244,UNITED STATES v. SALVUCCI et al.,3/26/1980,,27.0,,100.0,,1.0,,,0.0,80.0,,21.0,,0.0,2.0,2.0,2.0,1.0,4.0,0.0,1.0,1.0,0.0,10050.0,1.0,1.0,0.0,1.0,,2.0,205.0,,102.0,99.0,1.0,7.0,2.0,26989.0,United States v. Salvucci,1980.0,0.0,22021,8.0,18.0
1979-147,1979-147-01,1979-147-01-01,1979-147-01-01-01,6/27/1980,7.0,448US261,100 S. Ct. 2647,65 L. Ed. 2d 757,1980 U.S. LEXIS 54,1979.0,1506.0,Burger,79-116,THOMAS v. WASHINGTON GAS LIGHT CO. et al.,3/19/1980,,145.0,,151.0,,1.0,11.0,,0.0,24.0,,24.0,,0.0,12.0,3.0,1.0,1.0,4.0,0.0,1.0,1.0,0.0,80050.0,8.0,2.0,0.0,1.0,,1.0,143.0,,103.0,99.0,1.0,7.0,2.0,26996.0,Thomas v. Wash. Gas Light Co.,1980.0,0.0,20288,5.0,23.0
1980-151,1980-151-01,1980-151-01-01,1980-151-01-01-01,7/2/1981,1.0,453US609,101 S. Ct. 2946,69 L. Ed. 2d 884,1981 U.S. LEXIS 43,1980.0,1506.0,Burger,80-581,COMMONWEALTH EDISON CO. et al. v. MONTANA et al.,3/30/1981,,132.0,,28.0,31.0,2.0,,,0.0,302.0,31.0,300.0,31.0,0.0,1.0,2.0,2.0,1.0,2.0,0.0,0.0,1.0,0.0,80100.0,8.0,2.0,0.0,2.0,,1.0,111.0,,98.0,99.0,1.0,6.0,3.0,27222.0,Commonwealth Edison Co. v. Mont.,1981.0,0.0,15948,19.0,64.0
1981-103,1981-103-01,1981-103-01-01,1981-103-01-01-01,6/1/1982,1.0,456US798,102 S. Ct. 2157,72 L. Ed. 2d 572,1982 U.S. LEXIS 18,1981.0,1507.0,Burger,80-2209,UNITED STATES v. ROSS,3/1/1982,,27.0,,100.0,,1.0,,,0.0,55.0,,32.0,,1.0,12.0,3.0,2.0,1.0,4.0,0.0,1.0,1.0,0.0,10060.0,1.0,1.0,0.0,1.0,,2.0,205.0,,103.0,99.0,1.0,6.0,3.0,27379.0,United States v. Ross,1982.0,0.0,27217,30.0,39.0
1981-176,1981-176-01,1981-176-01-01,1981-176-01-01-01,7/2/1982,1.0,458US941,102 S. Ct. 3456,73 L. Ed. 2d 1254,1982 U.S. LEXIS 13,1981.0,1507.0,Burger,81-613,"SPORHASE et al. v. NEBRASKA EX REL. DOUGLAS, ATTORNEY GENERAL",3/30/1982,,195.0,,28.0,32.0,2.0,,,0.0,302.0,32.0,300.0,32.0,1.0,1.0,2.0,1.0,3.0,4.0,0.0,1.0,1.0,0.0,100080.0,10.0,2.0,0.0,2.0,4.0,1.0,111.0,,103.0,99.0,1.0,7.0,2.0,,,,,,,
1982-103,1982-103-01,1982-103-01-01,1982-103-01-01-01,6/8/1983,1.0,462US213,103 S. Ct. 2317,76 L. Ed. 2d 527,1983 U.S. LEXIS 54,1982.0,1507.0,Burger,81-430,ILLINOIS v. GATES ET UX.,10/13/1982,3/1/1983,28.0,17.0,100.0,,1.0,,,0.0,302.0,17.0,300.0,17.0,1.0,11.0,2.0,2.0,1.0,3.0,0.0,1.0,1.0,0.0,10050.0,1.0,1.0,0.0,2.0,,2.0,205.0,,102.0,99.0,1.0,6.0,3.0,27624.0,Ill. v. Gates,1983.0,0.0,23096 24379,36.0,106.0
1982-163,1982-163-01,1982-163-01-01,1982-163-01-01-01,7/6/1983,1.0,463US1032,103 S. Ct. 3469,77 L. Ed. 2d 1201,1983 U.S. LEXIS 7,1982.0,1507.0,Burger,82-256,MICHIGAN v. LONG,2/23/1983,,28.0,27.0,100.0,,1.0,,,0.0,302.0,27.0,300.0,27.0,1.0,10.0,3.0,2.0,1.0,4.0,0.0,1.0,1.0,0.0,10060.0,1.0,1.0,0.0,2.0,,2.0,205.0,,104.0,99.0,1.0,6.0,3.0,,,,,,,
1983-029,1983-029-01,1983-029-01-01,1983-029-01-01-01,1/23/1984,1.0,465US89,104 S. Ct. 900,79 L. Ed. 2d 67,1984 U.S. LEXIS 4,1983.0,1507.0,Burger,81-2101,PENNHURST STATE SCHOOL AND HOSPITAL et al. v. HALDERMAN et al.,2/22/1983,10/3/1983,167.0,,229.0,,1.0,117.0,45.0,0.0,109.0,,23.0,,1.0,12.0,2.0,2.0,1.0,4.0,0.0,1.0,1.0,0.0,100120.0,10.0,1.0,0.0,2.0,,2.0,224.0,,101.0,99.0,1.0,5.0,4.0,,,,,,,
1983-038,1983-038-01,1983-038-01-01,1983-038-01-01-01,2/22/1984,1.0,465US354,104 S. Ct. 1099,79 L. Ed. 2d 361,1984 U.S. LEXIS 31,1983.0,1507.0,Burger,82-1047,UNITED STATES v. ONE ASSORTMENT OF 89 FIREARMS,11/30/1983,,27.0,,195.0,,1.0,,,0.0,114.0,,24.0,,1.0,11.0,3.0,2.0,1.0,4.0,0.0,1.0,1.0,0.0,10170.0,1.0,1.0,0.0,1.0,,2.0,206.0,,99.0,99.0,1.0,9.0,0.0,27771.0,United States v. One Assortment of 89 Firearms,1984.0,0.0,7394,12.0,14.0
1983-074,1983-074-01,1983-074-01-01,1983-074-01-01-01,4/18/1984,1.0,466US353,104 S. Ct. 1837,80 L. Ed. 2d 356,1984 U.S. LEXIS 62,1983.0,1507.0,Burger,83-96,"LIMBACH, TAX COMMISSIONER OF OHIO v. HOOVEN & ALLISON CO.",2/22/1984,,28.0,41.0,184.0,,1.0,117.0,41.0,0.0,302.0,41.0,300.0,41.0,0.0,12.0,3.0,1.0,1.0,5.0,0.0,1.0,1.0,0.0,80100.0,8.0,2.0,0.0,2.0,,1.0,129.0,,100.0,99.0,1.0,9.0,0.0,27819.0,Limbach v. Hooven & Allison Co.,1984.0,0.0,20003,2.0,14.0
1983-131,1983-131-01,1983-131-01-01,1983-131-01-01-01,6/19/1984,1.0,467US752,104 S. Ct. 2731,81 L. Ed. 2d 628,1984 U.S. LEXIS 115,1983.0,1507.0,Burger,82-1260,COPPERWELD CORP. et al. v. INDEPENDENCE TUBE CORP.,12/5/1983,,184.0,,184.0,,1.0,,,0.0,66.0,,27.0,,0.0,11.0,2.0,2.0,1.0,3.0,0.0,1.0,1.0,0.0,80010.0,8.0,1.0,0.0,4.0,,3.0,367.0,,99.0,99.0,1.0,5.0,3.0,27885.0,Copperweld Corp. v. Independence Tube Corp.,1984.0,0.0,20349 20732,8.0,45.0
1984-029,1984-029-01,1984-029-01-01,1984-029-01-01-01,2/19/1985,1.0,469US528,105 S. Ct. 1005,83 L. Ed. 2d 1016,1985 U.S. LEXIS 48,1984.0,1507.0,Burger,82-1913,GARCIA v. SAN ANTONIO METROPOLITAN TRANSIT AUTHORITY et al.,3/19/1984,10/1/1984,8.0,51.0,18.0,51.0,2.0,71.0,,0.0,122.0,,122.0,,0.0,1.0,,1.0,1.0,4.0,0.0,1.0,1.0,0.0,70040.0,7.0,2.0,0.0,1.0,,3.0,334.0,,100.0,92.0,1.0,5.0,4.0,27996.0,Garcia v. San Antonio Metro. Transit Auth.,1985.0,0.0,26158,30.0,53.0
1984-072,1984-072-01,1984-072-01-01,1984-072-01-01-01,4/1/1985,1.0,471US130,105 S. Ct. 1811,85 L. Ed. 2d 99,1985 U.S. LEXIS 200,1984.0,1507.0,Burger,83-1750,UNITED STATES v. MILLER,1/16/1985,,27.0,,137.0,,1.0,,,0.0,50.0,,29.0,,0.0,12.0,8.0,2.0,1.0,3.0,0.0,1.0,1.0,0.0,10600.0,1.0,1.0,0.0,1.0,,2.0,208.0,,98.0,99.0,1.0,8.0,0.0,28066.0,United States v. Miller,1985.0,0.0,7741,3.0,17.0
1985-024,1985-024-01,1985-024-01-01,1985-024-01-01-01,1/21/1986,1.0,474US327,106 S. Ct. 662,88 L. Ed. 2d 662,1986 U.S. LEXIS 43,1985.0,1507.0,Burger,84-5872,DANIELS v. WILLIAMS,11/6/1985,,215.0,,19.0,55.0,1.0,,,0.0,126.0,,24.0,,1.0,2.0,2.0,1.0,1.0,2.0,0.0,0.0,1.0,0.0,20400.0,2.0,1.0,0.0,2.0,,2.0,230.0,,102.0,99.0,1.0,9.0,0.0,28241.0,Daniels v. Williams,1986.0,0.0,27137,22.0,42.0
1985-029,1985-029-01,1985-029-01-01,1985-029-01-01-01,1/27/1986,1.0,474US438,106 S. Ct. 725,88 L. Ed. 2d 814,1986 U.S. LEXIS 48,1985.0,1507.0,Burger,84-744,UNITED STATES v. LANE et al.,10/9/1985,,27.0,,100.0,,1.0,,,0.0,120.0,,25.0,,0.0,2.0,3.0,2.0,1.0,7.0,0.0,1.0,1.0,0.0,10370.0,1.0,1.0,0.0,4.0,,4.0,401.0,,99.0,99.0,1.0,5.0,4.0,,,,,,,
1985-078,1985-078-01,1985-078-01-01,1985-078-01-01-01,4/30/1986,1.0,476US79,106 S. Ct. 1712,90 L. Ed. 2d 69,1986 U.S. LEXIS 150,1985.0,1507.0,Burger,84-6263,BATSON v. KENTUCKY,12/12/1985,,100.0,,28.0,21.0,1.0,,,0.0,302.0,21.0,300.0,21.0,0.0,12.0,2.0,1.0,1.0,4.0,0.0,1.0,1.0,0.0,20040.0,2.0,2.0,0.0,2.0,,2.0,231.0,,101.0,92.0,1.0,7.0,2.0,28326.0,Batson v. Kentucky,1986.0,0.0,23269,35.0,74.0
1986-145,1986-145-01,1986-145-01-01,1986-145-01-01-01,6/23/1987,1.0,483US219,107 S. Ct. 2802,97 L. Ed. 2d 187,1987 U.S. LEXIS 2873,1986.0,1601.0,Rehnquist,85-2116,"PUERTO RICO v. BRANSTAD, GOVERNOR OF IOWA, et al.",3/30/1987,,28.0,46.0,28.0,19.0,1.0,,,0.0,71.0,,28.0,,0.0,11.0,2.0,2.0,1.0,3.0,0.0,1.0,1.0,0.0,10320.0,1.0,1.0,0.0,2.0,,1.0,145.0,,98.0,102.0,1.0,9.0,0.0,28605.0,P.R. v. Branstad,1987.0,0.0,3130,4.0,18.0
1986-146,1986-146-01,1986-146-01-01,1986-146-01-01-01,6/23/1987,1.0,483US232,107 S. Ct. 2810,97 L. Ed. 2d 199,1987 U.S. LEXIS 2872,1986.0,1601.0,Rehnquist,85-1963,"TYLER PIPE INDUSTRIES, INC. v. WASHINGTON STATE DEPARTMENT OF REVENUE",3/2/1987,,184.0,,7.0,56.0,2.0,,,0.0,302.0,56.0,300.0,56.0,0.0,1.0,2.0,2.0,3.0,5.0,0.0,1.0,1.0,0.0,80100.0,8.0,1.0,0.0,2.0,,1.0,111.0,,103.0,92.0,1.0,6.0,2.0,28606.0,Tyler Pipe Indus. v. Washington State Dep't of Revenue,1987.0,0.0,23077,16.0,29.0
1986-153,1986-153-01,1986-153-01-01,1986-153-01-01-01,6/25/1987,1.0,483US435,107 S. Ct. 2924,97 L. Ed. 2d 364,1987 U.S. LEXIS 2892,1986.0,1601.0,Rehnquist,85-1581,SOLORIO v. UNITED STATES,2/24/1987,,186.0,,27.0,,1.0,,,0.0,5.0,,4.0,,0.0,11.0,2.0,1.0,1.0,2.0,0.0,0.0,1.0,0.0,20240.0,2.0,1.0,0.0,1.0,,1.0,116.0,,102.0,102.0,1.0,6.0,3.0,28613.0,Solorio v. United States,1987.0,0.0,24521,6.0,33.0
1986-154,1986-154-01,1986-154-01-01,1986-154-01-01-01,6/25/1987,7.0,483US468,107 S. Ct. 2941,97 L. Ed. 2d 389,1987 U.S. LEXIS 2893,1986.0,1601.0,Rehnquist,85-1716,"WELCH v. TEXAS DEPARTMENT OF HIGHWAYS AND PUBLIC TRANSPORTATION, et al.",3/4/1987,,8.0,51.0,7.0,51.0,1.0,,,0.0,121.0,,25.0,,1.0,12.0,2.0,1.0,1.0,2.0,0.0,0.0,1.0,0.0,80060.0,8.0,2.0,0.0,2.0,,2.0,224.0,,101.0,102.0,1.0,5.0,4.0,28614.0,Welch v. Texas Dep't of Highways & Public Transp.,1987.0,0.0,23047,17.0,51.0
1987-049,1987-049-01,1987-049-01-01,1987-049-01-01-01,3/22/1988,1.0,485US271,108 S. Ct. 1133,99 L. Ed. 2d 296,1988 U.S. LEXIS 1444,1987.0,1603.0,Rehnquist,86-1329,GULFSTREAM AEROSPACE CORPORATION v. MAYACAMAS CORPORATION,12/7/1987,,233.0,,123.0,,1.0,,,0.0,50.0,,29.0,,1.0,2.0,9.0,1.0,1.0,2.0,0.0,0.0,1.0,0.0,90380.0,9.0,1.0,0.0,4.0,,6.0,600.0,28 U.S.C. § 1291,98.0,102.0,1.0,8.0,0.0,28696.0,Gulfstream Aerospace Corp. v. Mayacamas Corp.,1988.0,0.0,18256 19606,2.0,24.0
1987-064,1987-064-01,1987-064-01-01,1987-064-01-01-01,4/20/1988,1.0,485US505,108 S. Ct. 1355,99 L. Ed. 2d 592,1988 U.S. LEXIS 1873,1987.0,1603.0,Rehnquist,94 ORIG,"SOUTH CAROLINA v. BAKER, SECRETARY OF THE TREASURY",12/7/1987,,28.0,48.0,408.0,,9.0,,,0.0,,,,,0.0,1.0,,,1.0,,0.0,0.0,1.0,0.0,100060.0,10.0,2.0,0.0,1.0,,3.0,345.0,,92.0,102.0,1.0,7.0,1.0,28711.0,South Carolina v. Baker,1988.0,0.0,9984,12.0,37.0
1988-085,1988-085-01,1988-085-01-01,1988-085-01-01-01,5/15/1989,1.0,490US401,109 S. Ct. 1874,104 L. Ed. 2d 459,1989 U.S. LEXIS 2437,1988.0,1603.0,Rehnquist,87-1344,"THORNBURGH, ATTORNEY GENERAL OF THE UNITED STATES, et al. v. ABBOTT et al.",11/8/1988,,1.0,,215.0,,1.0,36.0,,0.0,55.0,,32.0,,0.0,11.0,3.0,2.0,1.0,5.0,0.0,1.0,1.0,0.0,30010.0,3.0,1.0,0.0,1.0,,2.0,200.0,,100.0,102.0,1.0,6.0,3.0,28930.0,Thornburgh v. Abbott,1989.0,0.0,25655,6.0,21.0
1988-088,1988-088-01,1988-088-01-01,1988-088-01-01-01,5/15/1989,1.0,490US477,109 S. Ct. 1917,104 L. Ed. 2d 526,1989 U.S. LEXIS 2397,1988.0,1603.0,Rehnquist,88-385,"RODRIGUEZ DE QUIJAS et al. v. SHEARSON/AMERICAN EXPRESS, INC.",3/27/1989,,173.0,,119.0,,1.0,,,0.0,121.0,,25.0,,0.0,12.0,3.0,1.0,1.0,2.0,0.0,0.0,1.0,0.0,80120.0,8.0,1.0,0.0,4.0,,3.0,365.0,,106.0,102.0,1.0,5.0,4.0,28933.0,"Rodriguez de Quijas v. Shearson/American Express, Inc.",1989.0,0.0,21059,15.0,15.0
1988-103,1988-103-01,1988-103-01-01,1988-103-01-01-01,6/12/1989,1.0,490US794,109 S. Ct. 2201,104 L. Ed. 2d 865,1989 U.S. LEXIS 2839,1988.0,1603.0,Rehnquist,88-333,ALABAMA v. SMITH,4/24/1989,,28.0,1.0,100.0,,1.0,,,0.0,302.0,1.0,300.0,1.0,1.0,5.0,4.0,2.0,1.0,4.0,0.0,1.0,1.0,0.0,10170.0,1.0,1.0,0.0,2.0,,2.0,206.0,,102.0,102.0,1.0,8.0,1.0,28948.0,Ala. v. Smith,1989.0,0.0,24549,2.0,14.0
1988-121,1988-121-01,1988-121-01-01,1988-121-01-01-01,6/19/1989,1.0,491US324,109 S. Ct. 2491,105 L. Ed. 2d 275,1989 U.S. LEXIS 3041,1988.0,1603.0,Rehnquist,88-449,HEALY et al. v. THE BEER INSTITUTE et al.,3/28/1989,,19.0,8.0,105.0,,2.0,117.0,8.0,0.0,53.0,,22.0,,0.0,1.0,3.0,2.0,3.0,2.0,0.0,0.0,1.0,0.0,80110.0,8.0,2.0,0.0,2.0,,1.0,111.0,,100.0,92.0,1.0,6.0,3.0,,,,,,,
1989-023,1989-023-01,1989-023-01-01,1989-023-01-01-01,1/17/1990,1.0,493US400,110 S. Ct. 701,107 L. Ed. 2d 816,1990 U.S. LEXIS 486,1989.0,1603.0,Rehnquist,87-2066,"W. S. KIRKPATRICK & CO., INC., et al. v. ENVIRONMENTAL TECTONICS CORP., INTERNATIONAL",11/27/1989,,176.0,,176.0,,1.0,,,0.0,92.0,,23.0,,0.0,12.0,3.0,2.0,1.0,2.0,0.0,0.0,1.0,0.0,90490.0,9.0,2.0,0.0,7.0,,,,,105.0,102.0,1.0,9.0,0.0,,,,,,,
1989-119,1989-119-01,1989-119-01-01,1989-119-01-01-01,6/21/1990,1.0,497US37,110 S. Ct. 2715,111 L. Ed. 2d 30,1990 U.S. LEXIS 3294,1989.0,1603.0,Rehnquist,89-742,"COLLINS, DIRECTOR, TEXAS DEPARTMENT OF CRIMINAL JUSTICE, INSTITUTIONAL DIVISION v. YOUNGBLOOD",3/19/1990,,28.0,51.0,126.0,,1.0,,,0.0,119.0,,25.0,,0.0,11.0,3.0,2.0,1.0,3.0,0.0,1.0,1.0,0.0,10180.0,1.0,1.0,0.0,2.0,,1.0,127.0,,102.0,102.0,1.0,9.0,0.0,29146.0,Collins v. Youngblood,1990.0,0.0,6609 10687,15.0,23.0
1990-051,1990-051-01,1990-051-01-01,1990-051-01-01-01,3/26/1991,1.0,499US279,111 S. Ct. 1246,113 L. Ed. 2d 302,1991 U.S. LEXIS 1854,1990.0,1604.0,Rehnquist,89-839,ARIZONA v. FULMINANTE,10/10/1990,,28.0,4.0,100.0,,1.0,,,0.0,302.0,4.0,300.0,4.0,0.0,5.0,4.0,2.0,1.0,2.0,0.0,0.0,1.0,0.0,10010.0,1.0,2.0,0.0,2.0,,2.0,230.0,,95.0,95.0,1.0,5.0,4.0,,,,,,,
1990-092,1990-092-01,1990-092-01-01,1990-092-01-01-01,5/30/1991,1.0,500US565,111 S. Ct. 1982,114 L. Ed. 2d 619,1991 U.S. LEXIS 3016,1990.0,1604.0,Rehnquist,89-1690,CALIFORNIA v. CHARLES STEVEN ACEVEDO,1/8/1991,,28.0,6.0,100.0,,1.0,,,0.0,302.0,6.0,301.0,6.0,0.0,13.0,3.0,2.0,1.0,4.0,0.0,1.0,1.0,0.0,10060.0,1.0,1.0,0.0,2.0,,2.0,205.0,,100.0,102.0,1.0,6.0,3.0,29283.0,California v. Acevedo,1991.0,0.0,26778,7.0,59.0
1990-093,1990-093-01,1990-093-01-01,1990-093-01-01-01,6/3/1991,1.0,500US603,111 S. Ct. 2071,114 L. Ed. 2d 649,1991 U.S. LEXIS 3022,1990.0,1604.0,Rehnquist,90-34,"EXXON CORPORATION v. CENTRAL GULF LINES, INC., et al.",4/15/1991,,198.0,,116.0,,1.0,,,0.0,96.0,,22.0,,0.0,2.0,2.0,1.0,1.0,4.0,0.0,1.0,1.0,0.0,90400.0,9.0,2.0,0.0,4.0,,6.0,600.0,28 U.S.C. § 1333,98.0,102.0,1.0,9.0,0.0,29284.0,Exxon Corp. v. Cent. Gulf Lines,1991.0,0.0,2705,0.0,8.0
1990-122,1990-122-01,1990-122-01-01,1990-122-01-01-01,6/24/1991,1.0,501US722,111 S. Ct. 2546,115 L. Ed. 2d 640,1991 U.S. LEXIS 3640,1990.0,1604.0,Rehnquist,89-7662,"ROGER KEITH COLEMAN v. CHARLES E. THOMPSON, WARDEN",2/25/1991,,126.0,,28.0,55.0,1.0,,,0.0,127.0,,24.0,,0.0,11.0,6.0,1.0,1.0,2.0,0.0,0.0,1.0,0.0,10020.0,1.0,1.0,0.0,7.0,3.0,,,,104.0,102.0,1.0,6.0,3.0,29316.0,Coleman v. Thompson,1991.0,0.0,22676,19.0,48.0
1990-125,1990-125-01,1990-125-01-01,1990-125-01-01-01,6/27/1991,1.0,501US808,111 S. Ct. 2597,115 L. Ed. 2d 720,1991 U.S. LEXIS 3821,1990.0,1604.0,Rehnquist,90-5721,PERVIS TYRONE PAYNE v. TENNESSEE,4/24/1991,,126.0,,28.0,50.0,1.0,,,0.0,302.0,50.0,300.0,50.0,0.0,13.0,2.0,1.0,1.0,2.0,0.0,0.0,1.0,0.0,10130.0,1.0,1.0,0.0,2.0,,2.0,221.0,,102.0,102.0,1.0,6.0,3.0,29319.0,Payne v. Tennessee,1991.0,0.0,28586 28949,20.0,137.0
1991-066,1991-066-01,1991-066-01-01,1991-066-01-01-01,5/4/1992,1.0,504US1,112 S. Ct. 1715,118 L. Ed. 2d 318,1992 U.S. LEXIS 2690,1991.0,1605.0,Rehnquist,90-1859,"J. C. KEENEY, SUPERINTENDENT, OREGON STATE PENITENTIARY v. JOSE TAMAYO-REYES",1/15/1992,,28.0,43.0,126.0,,1.0,,,0.0,108.0,,29.0,,0.0,11.0,3.0,2.0,1.0,4.0,0.0,1.0,1.0,0.0,10020.0,1.0,1.0,0.0,3.0,,,,,95.0,102.0,1.0,5.0,4.0,29403.0,Keeney v. Tamayo-Reyes,1992.0,0.0,22672,5.0,31.0
1991-077,1991-077-01,1991-077-01-01,1991-077-01-01-01,5/26/1992,1.0,504US298,112 S. Ct. 1904,119 L. Ed. 2d 91,1992 U.S. LEXIS 3123,1991.0,1605.0,Rehnquist,91-194,"QUILL CORPORATION v. NORTH DAKOTA BY AND THROUGH ITS TAX COMMISSIONER, HEIDI HEITKAMP",1/22/1992,,238.0,,28.0,39.0,1.0,,,0.0,302.0,39.0,300.0,39.0,0.0,12.0,3.0,2.0,3.0,4.0,0.0,1.0,1.0,0.0,80100.0,8.0,1.0,0.0,2.0,,2.0,230.0,,103.0,102.0,1.0,8.0,1.0,,,,,,,
1991-117,1991-117-01,1991-117-01-01,1991-117-01-01-01,6/29/1992,1.0,505US833,112 S. Ct. 2791,120 L. Ed. 2d 674,1992 U.S. LEXIS 4751,1991.0,1605.0,Rehnquist,91-744,"PLANNED PARENTHOOD OF SOUTHEASTERN PENNSYLVANIA, et al. v. ROBERT P. CASEY, et al., ETC.",4/22/1992,,165.0,,28.0,45.0,1.0,,,0.0,109.0,,23.0,,0.0,12.0,6.0,1.0,3.0,7.0,0.0,1.0,1.0,0.0,50020.0,5.0,2.0,0.0,2.0,,2.0,230.0,,,100.0,1.0,5.0,4.0,29459.0,Planned Parenthood v. Casey,1992.0,0.0,27633 28354,12.0,101.0
1992-117,1992-117-01,1992-117-01-01,1992-117-01-01-01,6/28/1993,1.0,509US688,113 S. Ct. 2849,125 L. Ed. 2d 556,1993 U.S. LEXIS 4405,1992.0,1605.0,Rehnquist,91-1231,UNITED STATES v. ALVIN J. DIXON AND MICHAEL FOSTER,12/2/1992,,27.0,,100.0,,1.0,,,0.0,302.0,10.0,300.0,10.0,0.0,12.0,6.0,2.0,1.0,7.0,0.0,0.0,1.0,0.0,10170.0,1.0,2.0,0.0,1.0,,2.0,206.0,,105.0,95.0,1.0,5.0,4.0,,,,,,,
1993-061,1993-061-01,1993-061-01-01,1993-061-01-01-01,6/6/1994,1.0,511US738,114 S. Ct. 1921,128 L. Ed. 2d 745,1994 U.S. LEXIS 4277,1993.0,1606.0,Rehnquist,92-8556,KENNETH O. NICHOLS v. UNITED STATES,1/10/1994,,126.0,,27.0,,1.0,,,0.0,116.0,,26.0,,1.0,5.0,2.0,1.0,1.0,2.0,0.0,0.0,1.0,0.0,10120.0,1.0,1.0,0.0,1.0,,2.0,214.0,,102.0,102.0,1.0,6.0,3.0,29633.0,Nichols v. United States,1994.0,0.0,26913,3.0,20.0
1993-078,1993-078-01,1993-078-01-01,1993-078-01-01-01,6/20/1994,1.0,512US267,114 S. Ct. 2251,129 L. Ed. 2d 221,1994 U.S. LEXIS 4669,1993.0,1606.0,Rehnquist,93-744,"DIRECTOR, OFFICE OF WORKERS' COMPENSATION PROGRAMS, DEPARTMENT OF LABOR v. GREENWICH COLLIERIES",4/25/1994,,393.0,,151.0,,1.0,71.0,,0.0,23.0,,23.0,,0.0,2.0,5.0,1.0,1.0,2.0,0.0,0.0,1.0,0.0,80040.0,8.0,1.0,0.0,4.0,,3.0,305.0,,104.0,102.0,1.0,6.0,3.0,,,,,,,
1994-055,1994-055-01,1994-055-01-01,1994-055-01-01-01,5/15/1995,1.0,514US695,115 S. Ct. 1754,131 L. Ed. 2d 779,1995 U.S. LEXIS 3184,1994.0,1607.0,Rehnquist,94-172,JOHN BRUCE HUBBARD v. UNITED STATES,2/21/1995,,114.0,,27.0,,1.0,,,0.0,81.0,,26.0,,1.0,2.0,2.0,1.0,1.0,3.0,0.0,1.0,1.0,0.0,10420.0,1.0,2.0,0.0,4.0,,6.0,600.0,18 U.S.C. § 1001,103.0,103.0,1.0,6.0,3.0,,,,,,,
1994-069,1994-069-01,1994-069-01-01,1994-069-01-01-01,6/12/1995,1.0,515US200,115 S. Ct. 2097,132 L. Ed. 2d 158,1995 U.S. LEXIS 4037,1994.0,1607.0,Rehnquist,93-1841,"ADARAND CONSTRUCTORS, INC. v. FEDERICO PENA, SECRETARY OF TRANSPORTATION, et al.",1/17/1995,,176.0,,329.0,,1.0,,,0.0,52.0,,30.0,,0.0,12.0,2.0,2.0,1.0,5.0,0.0,1.0,1.0,0.0,20070.0,2.0,1.0,0.0,1.0,,2.0,212.0,,104.0,102.0,1.0,5.0,4.0,,,,,,,
1994-081,1994-081-01,1994-081-01-01,1994-081-01-01-01,6/19/1995,1.0,515US506,115 S. Ct. 2310,132 L. Ed. 2d 444,1995 U.S. LEXIS 4068,1994.0,1607.0,Rehnquist,94-514,UNITED STATES v. MICHAEL E. GAUDIN,4/17/1995,,27.0,,100.0,,1.0,,,0.0,88.0,,29.0,,1.0,12.0,3.0,2.0,1.0,2.0,0.0,0.0,1.0,0.0,10190.0,1.0,2.0,0.0,1.0,,2.0,207.0,,105.0,102.0,1.0,9.0,0.0,,,,,,,
1995-023,1995-023-01,1995-023-01-01,1995-023-01-01-01,2/21/1996,1.0,516US325,116 S. Ct. 848,133 L. Ed. 2d 796,1996 U.S. LEXIS 1379,1995.0,1607.0,Rehnquist,94-1239,"FULTON CORPORATION v. JANICE H. FAULKNER, SECRETARY OF REVENUE OF NORTH CAROLINA",10/31/1995,,25.0,38.0,19.0,38.0,1.0,,,0.0,302.0,38.0,300.0,38.0,0.0,12.0,3.0,2.0,3.0,4.0,0.0,1.0,1.0,0.0,80100.0,8.0,1.0,0.0,2.0,,1.0,111.0,,107.0,102.0,1.0,9.0,0.0,,,,,,,
1995-037,1995-037-01,1995-037-01-01,1995-037-01-01-01,3/27/1996,1.0,517US44,116 S. Ct. 1114,134 L. Ed. 2d 252,1996 U.S. LEXIS 2165,1995.0,1607.0,Rehnquist,94-12,SEMINOLE TRIBE OF FLORIDA v. FLORIDA et al.,10/11/1995,,170.0,,28.0,12.0,1.0,,,0.0,58.0,,31.0,,0.0,12.0,4.0,1.0,2.0,2.0,0.0,0.0,1.0,0.0,100120.0,10.0,1.0,0.0,2.0,7.0,2.0,224.0,,102.0,102.0,1.0,5.0,4.0,,,,,,,
1995-049,1995-049-01,1995-049-01-01,1995-049-01-01-01,5/13/1996,1.0,517US484,116 S. Ct. 1495,134 L. Ed. 2d 711,1996 U.S. LEXIS 3020,1995.0,1607.0,Rehnquist,94-1140,"44 LIQUORMART, INC. AND PEOPLES SUPER LIQUOR STORES, INC. v. RHODE ISLAND AND RHODE ISLAND LIQUOR STORES ASSOCIATION",11/1/1995,,115.0,,28.0,47.0,1.0,,,0.0,113.0,,21.0,,0.0,10.0,3.0,1.0,3.0,3.0,0.0,1.0,1.0,0.0,30020.0,3.0,2.0,0.0,2.0,,2.0,200.0,,103.0,102.0,1.0,9.0,0.0,,,,,,,
1995-081,1995-081-01,1995-081-01-01,1995-081-01-01-01,6/24/1996,1.0,518US343,116 S. Ct. 2174,135 L. Ed. 2d 606,1996 U.S. LEXIS 4220,1995.0,1607.0,Rehnquist,94-1511,"SAMUEL A. LEWIS, DIRECTOR, ARIZONA DEPARTMENT OF CORRECTIONS, et al. v. FLETCHER CASEY, JR., et al.",11/29/1995,,28.0,4.0,215.0,,1.0,,,0.0,45.0,,29.0,,0.0,12.0,2.0,2.0,1.0,4.0,0.0,1.0,1.0,0.0,40040.0,4.0,1.0,0.0,3.0,7.0,,,,105.0,102.0,1.0,8.0,1.0,,,,,,,
1996-080,1996-080-01,1996-080-01-01,1996-080-01-01-01,6/23/1997,1.0,521US203,117 S. Ct. 1997,138 L. Ed. 2d 391,1997 U.S. LEXIS 4000,1996.0,1607.0,Rehnquist,96-552,"RACHEL AGOSTINI, et al. v. BETTY-LOUISE FELTON et al.",4/15/1997,,202.0,,25.0,37.0,1.0,,,0.0,94.0,,22.0,,0.0,12.0,2.0,2.0,1.0,4.0,0.0,1.0,1.0,0.0,30180.0,3.0,1.0,0.0,2.0,,2.0,203.0,,104.0,102.0,1.0,5.0,4.0,,,,,,,
1997-002,1997-002-01,1997-002-01-01,1997-002-01-01-01,11/4/1997,1.0,522US3,118 S. Ct. 275,139 L. Ed. 2d 199,1997 U.S. LEXIS 6705,1997.0,1607.0,Rehnquist,96-871,"STATE OIL COMPANY v. BARKAT U. KHAN AND KHAN & ASSOCIATES, INC.",10/7/1997,,141.0,,238.0,,1.0,,,0.0,66.0,,27.0,,0.0,11.0,3.0,1.0,1.0,5.0,0.0,1.0,1.0,0.0,80010.0,8.0,2.0,0.0,4.0,,3.0,367.0,,104.0,102.0,1.0,9.0,0.0,,,,,,,
1997-009,1997-009-01,1997-009-01-01,1997-009-01-01-01,12/10/1997,1.0,522US93,118 S. Ct. 488,139 L. Ed. 2d 450,1997 U.S. LEXIS 7497,1997.0,1607.0,Rehnquist,96-976,"JOHN HUDSON, LARRY BARESEL, AND JACK BUTLER RACKLEY v. UNITED STATES",10/8/1997,,100.0,,27.0,,1.0,17.0,,0.0,107.0,,30.0,,0.0,9.0,3.0,1.0,1.0,2.0,0.0,0.0,1.0,0.0,10170.0,1.0,1.0,0.0,1.0,,2.0,206.0,,102.0,102.0,1.0,9.0,0.0,,,,,,,
1997-087,1997-087-01,1997-087-01-01,1997-087-01-01-01,6/15/1998,1.0,524US236,118 S. Ct. 1969,141 L. Ed. 2d 242,1998 U.S. LEXIS 3887,1997.0,1607.0,Rehnquist,96-8986,ARNOLD F. HOHN v. UNITED STATES,3/3/1998,,215.0,,27.0,,1.0,,,0.0,89.0,,28.0,,1.0,11.0,9.0,1.0,1.0,5.0,0.0,1.0,1.0,0.0,10020.0,1.0,2.0,0.0,4.0,,6.0,600.0,28 U.S.C. § 1254,106.0,103.0,1.0,5.0,4.0,,,,,,,
1998-038,1998-038-01,1998-038-01-01,1998-038-01-01-01,3/24/1999,1.0,526US172,119 S. Ct. 1187,143 L. Ed. 2d 270,1999 U.S. LEXIS 2190,1998.0,1607.0,Rehnquist,97-1337,"MINNESOTA, et al. v. MILLE LACS BAND OF CHIPPEWA INDIANS et al.",12/2/1998,,28.0,28.0,170.0,,1.0,,,0.0,83.0,,28.0,,0.0,12.0,2.0,2.0,1.0,2.0,0.0,0.0,1.0,0.0,20150.0,2.0,2.0,0.0,4.0,,6.0,600.0,7 Stat. 536,104.0,103.0,1.0,5.0,4.0,,,,,,,
1998-090,1998-090-01,1998-090-01-01,1998-090-01-01-01,6/23/1999,1.0,527US666,119 S. Ct. 2219,144 L. Ed. 2d 605,1999 U.S. LEXIS 4375,1998.0,1607.0,Rehnquist,98-149,COLLEGE SAVINGS BANK v. FLORIDA PREPAID POSTSECONDARY EDUCATION EXPENSE BOARD et al.,4/20/1999,,113.0,,4.0,12.0,1.0,,,0.0,92.0,,23.0,,0.0,12.0,2.0,1.0,2.0,2.0,0.0,0.0,1.0,0.0,100120.0,10.0,1.0,0.0,1.0,,6.0,600.0,15 U.S.C. § 1125,105.0,102.0,1.0,5.0,4.0,,,,,,,
1999-087,1999-087-01,1999-087-01-01,1999-087-01-01-01,6/28/2000,7.0,530US793,120 S. Ct. 2530,147 L. Ed. 2d 660,2000 U.S. LEXIS 4485,1999.0,1607.0,Rehnquist,98-1648,"GUY MITCHELL, et al. v. MARY L. HELMS, et al.",12/1/1999,,19.0,22.0,25.0,22.0,1.0,,,0.0,75.0,,25.0,,0.0,12.0,3.0,2.0,1.0,3.0,0.0,1.0,1.0,0.0,30180.0,3.0,1.0,0.0,1.0,,2.0,203.0,,108.0,102.0,1.0,6.0,3.0,,,,,,,
2000-053,2000-053-01,2000-053-01-01,2000-053-01-01-01,5/21/2001,1.0,532US557,121 S. Ct. 1782,149 L. Ed. 2d 820,2001 U.S. LEXIS 3813,2000.0,1607.0,Rehnquist,99-1978,"UNITED STATES v. TERRY J. HATTER, JR., JUDGE, UNITED STATES DISTRICT COURT FOR THE CENTRAL DISTRICT OF CALIFORNIA, et al.",2/20/2001,,27.0,,16.0,60.0,1.0,,,0.0,3.0,,8.0,,0.0,12.0,3.0,1.0,2.0,7.0,0.0,1.0,1.0,0.0,120010.0,12.0,2.0,0.0,1.0,,1.0,137.0,,110.0,102.0,1.0,5.0,2.0,,,,,,,
2001-047,2001-047-01,2001-047-01-01,2001-047-01-01-01,5/13/2002,1.0,535US613,122 S. Ct. 1640,152 L. Ed. 2d 806,2002 U.S. LEXIS 3220,2001.0,1607.0,Rehnquist,01-298,"PAUL D. LAPIDES v. BOARD OF REGENTS OF THE UNIVERSITY SYSTEM OF GEORGIA, et al.",2/25/2002,,8.0,13.0,26.0,13.0,1.0,,,0.0,60.0,,31.0,,0.0,11.0,3.0,1.0,1.0,3.0,0.0,1.0,1.0,0.0,100120.0,10.0,2.0,0.0,2.0,,2.0,224.0,,110.0,102.0,1.0,9.0,0.0,,,,,,,
2001-048,2001-048-01,2001-048-01-01,2001-048-01-01-01,5/20/2002,1.0,535US625,122 S. Ct. 1781,152 L. Ed. 2d 860,2002 U.S. LEXIS 3565,2001.0,1607.0,Rehnquist,01-687,"UNITED STATES v. LEONARD COTTON, MARQUETTE HALL, LAMONT THOMAS, MATILDA HALL, JOVAN POWELL, JESUS HALL, AND STANLEY HALL, JR.",4/15/2002,,27.0,,100.0,,1.0,,,0.0,79.0,,24.0,,0.0,12.0,5.0,2.0,1.0,4.0,0.0,1.0,1.0,0.0,10370.0,1.0,1.0,0.0,4.0,,4.0,401.0,,102.0,102.0,1.0,9.0,0.0,,,,,,,
2001-070,2001-070-01,2001-070-01-01,2001-070-01-01-01,6/20/2002,1.0,536US304,122 S. Ct. 2242,153 L. Ed. 2d 335,2002 U.S. LEXIS 4648,2001.0,1607.0,Rehnquist,00-8452,DARYL RENARD ATKINS v. VIRGINIA,2/20/2002,,126.0,,28.0,55.0,1.0,,,0.0,302.0,55.0,300.0,55.0,1.0,10.0,2.0,1.0,3.0,4.0,0.0,1.0,1.0,0.0,10130.0,1.0,2.0,0.0,2.0,,2.0,221.0,,103.0,103.0,1.0,6.0,3.0,,,,,,,
2001-077,2001-077-01,2001-077-01-01,2001-077-01-01-01,6/24/2002,1.0,536US584,122 S. Ct. 2428,153 L. Ed. 2d 556,2002 U.S. LEXIS 4651,2001.0,1607.0,Rehnquist,01-488,TIMOTHY STUART RING v. ARIZONA,4/22/2002,,126.0,,28.0,4.0,1.0,,,0.0,302.0,4.0,300.0,4.0,0.0,9.0,2.0,1.0,3.0,4.0,0.0,1.0,1.0,0.0,10560.0,1.0,2.0,0.0,2.0,,2.0,215.0,,109.0,103.0,1.0,7.0,2.0,,,,,,,
2002-083,2002-083-01,2002-083-01-01,2002-083-01-01-01,6/26/2003,1.0,539US558,123 S. Ct. 2472,156 L. Ed. 2d 508,2003 U.S. LEXIS 5013,2002.0,1607.0,Rehnquist,02-102,JOHN GEDDES LAWRENCE AND TYRON GARNER v. TEXAS,3/26/2003,,162.0,,28.0,51.0,1.0,,,0.0,302.0,51.0,301.0,51.0,1.0,11.0,2.0,1.0,3.0,4.0,0.0,1.0,1.0,0.0,50010.0,5.0,2.0,0.0,2.0,,2.0,230.0,,106.0,103.0,1.0,6.0,3.0,,,,,,,
2003-040,2003-040-01,2003-040-01-01,2003-040-01-01-01,3/8/2004,1.0,541US36,124 S. Ct. 1354,158 L. Ed. 2d 177,2004 U.S. LEXIS 1838,2003.0,1607.0,Rehnquist,02-9410,MICHAEL D. CRAWFORD v. WASHINGTON,11/10/2003,,100.0,,28.0,56.0,1.0,,,0.0,302.0,56.0,300.0,56.0,0.0,11.0,3.0,1.0,1.0,4.0,0.0,1.0,1.0,0.0,10270.0,1.0,2.0,0.0,2.0,,2.0,213.0,,105.0,102.0,1.0,9.0,0.0,,,,,,,
2004-024,2004-024-01,2004-024-01-01,2004-024-01-01-01,3/1/2005,1.0,543US551,125 S. Ct. 1183,161 L. Ed. 2d 1,2005 U.S. LEXIS 2200,2004.0,1607.0,Rehnquist,03-633,"DONALD P. ROPER, SUPERINTENDENT, POTOSI CORRECTIONAL CENTER v. CHRISTOPHER SIMMONS",10/13/2004,,28.0,30.0,126.0,,1.0,,,0.0,302.0,30.0,300.0,30.0,0.0,12.0,12.0,2.0,3.0,2.0,0.0,0.0,1.0,0.0,10130.0,1.0,2.0,0.0,3.0,2.0,2.0,221.0,,106.0,103.0,1.0,5.0,4.0,,,,,,,
2005-023,2005-023-01,2005-023-01-01,2005-023-01-01-01,1/23/2006,1.0,546US356,126 S. Ct. 990,163 L. Ed. 2d 945,2006 U.S. LEXIS 917,2005.0,1701.0,Roberts,04-885,"CENTRAL VIRGINIA COMMUNITY COLLEGE, et al. v. BERNARD KATZ, LIQUIDATING SUPERVISOR FOR WALLACE'S BOOKSTORES, INC.",10/31/2005,,28.0,55.0,114.0,,1.0,,,0.0,73.0,,26.0,,0.0,11.0,2.0,2.0,1.0,2.0,0.0,0.0,1.0,0.0,100100.0,10.0,2.0,0.0,1.0,,1.0,112.0,,103.0,103.0,1.0,5.0,4.0,,,,,,,
2005-038,2005-038-01,2005-038-01-01,2005-038-01-01-01,3/1/2006,1.0,547US28,126 S. Ct. 1281,164 L. Ed. 2d 26,2006 U.S. LEXIS 2024,2005.0,1702.0,Roberts,04-1329,"ILLINOIS TOOL WORKS INC., et al. v. INDEPENDENT INK, INC.",11/29/2005,,173.0,,184.0,,1.0,,,0.0,48.0,,29.0,,0.0,11.0,4.0,2.0,1.0,5.0,0.0,1.0,1.0,0.0,80010.0,8.0,1.0,0.0,7.0,4.0,3.0,367.0,,103.0,111.0,1.0,8.0,0.0,,,,,,,
2006-031,2006-031-01,2006-031-01-01,2006-031-01-01-01,4/18/2007,1.0,550US124,127 S. Ct. 1610,167 L. Ed. 2d 480,2007 U.S. LEXIS 4338,2006.0,1702.0,Roberts,05-380,"ALBERTO R. GONZALES, ATTORNEY GENERAL v. LEROY CARHART, et al.",11/8/2006,,1.0,,206.0,,1.0,,,0.0,89.0,,28.0,,0.0,12.0,2.0,2.0,1.0,3.0,0.0,1.0,1.0,0.0,50020.0,5.0,1.0,0.0,1.0,,6.0,600.0,18 U.S.C. § 1531,106.0,111.0,1.0,5.0,4.0,,,,,,,
2006-045,2006-045-01,2006-045-01-01,2006-045-01-01-01,5/21/2007,1.0,550US544,127 S. Ct. 1955,167 L. Ed. 2d 929,2007 U.S. LEXIS 5901,2006.0,1702.0,Roberts,05-1126,"BELL ATLANTIC CORPORATION, et al. V.WILLIAM TWOMBLY, et al.",11/27/2006,,205.0,,134.0,,1.0,,,0.0,96.0,,22.0,,0.0,11.0,3.0,2.0,1.0,4.0,0.0,1.0,1.0,0.0,80010.0,8.0,1.0,0.0,4.0,,3.0,367.0,,107.0,111.0,1.0,7.0,2.0,,,,,,,
2006-061,2006-061-01,2006-061-01-01,2006-061-01-01-01,6/14/2007,1.0,551US205,127 S. Ct. 2360,168 L. Ed. 2d 96,2007 U.S. LEXIS 7721,2006.0,1702.0,Roberts,06-5306,"KEITH BOWLES v. HARRY RUSSELL, WARDEN",3/26/2007,,126.0,,28.0,41.0,1.0,,,0.0,103.0,,26.0,,0.0,12.0,9.0,1.0,1.0,2.0,0.0,0.0,1.0,0.0,90480.0,9.0,1.0,0.0,4.0,,4.0,400.0,,108.0,111.0,1.0,5.0,4.0,,,,,,,
2006-073,2006-073-01,2006-073-01-01,2006-073-01-01-01,6/28/2007,1.0,551US701,127 S. Ct. 2738,168 L. Ed. 2d 508,2007 U.S. LEXIS 8670,2006.0,1702.0,Roberts,05-908,PARENTS INVOLVED IN COMMUNITY SCHOOLS v. SEATTLE SCHOOL DISTRICT NO. 1 et al.,12/4/2006,,202.0,,21.0,56.0,1.0,,,0.0,129.0,,29.0,,0.0,12.0,2.0,2.0,4.0,4.0,0.0,1.0,1.0,0.0,20050.0,2.0,1.0,0.0,2.0,4.0,2.0,231.0,,111.0,111.0,1.0,5.0,4.0,,,,,,,
2006-074,2006-074-01,2006-074-01-01,2006-074-01-01-01,6/28/2007,1.0,551US877,127 S. Ct. 2705,168 L. Ed. 2d 623,2007 U.S. LEXIS 8668,2006.0,1702.0,Roberts,06-480,"LEEGIN CREATIVE LEATHER PRODUCTS, INC. v. PSKS, INC., DBA KAY'S KLOSET . . . KAY'S SHOES",3/26/2007,,184.0,,238.0,,1.0,,,0.0,119.0,,25.0,,0.0,11.0,2.0,2.0,1.0,4.0,0.0,1.0,1.0,0.0,80010.0,8.0,1.0,0.0,4.0,,3.0,367.0,,106.0,111.0,1.0,5.0,4.0,,,,,,,
2008-013,2008-013-01,2008-013-01-01,2008-013-01-01-01,1/21/2009,1.0,555US223,129 S. Ct. 808,172 L. Ed. 2d 565,2009 U.S. LEXIS 591,2008.0,1702.0,Roberts,07-751,"CORDELL PEARSON, et al. v. AFTON CALLAHAN",10/14/2008,,8.0,52.0,174.0,,1.0,,,0.0,123.0,,30.0,,1.0,11.0,7.0,2.0,1.0,3.0,0.0,1.0,1.0,0.0,20400.0,2.0,1.0,0.0,7.0,4.0,3.0,314.0,,112.0,111.0,1.0,9.0,0.0,,,,,,,
2008-059,2008-059-01,2008-059-01-01,2008-059-01-01-01,5/26/2009,1.0,556US778,129 S. Ct. 2079,173 L. Ed. 2d 955,2009 U.S. LEXIS 3973,2008.0,1702.0,Roberts,07-1529,JESSE JAY MONTEJO v. LOUISIANA,1/13/2009,,126.0,,28.0,22.0,1.0,,,0.0,302.0,22.0,300.0,22.0,0.0,12.0,2.0,1.0,1.0,5.0,0.0,1.0,1.0,0.0,10120.0,1.0,1.0,0.0,2.0,,2.0,214.0,,105.0,111.0,1.0,5.0,4.0,,,,,,,
2009-012,2009-012-01,2009-012-01-01,2009-012-01-01-01,1/21/2010,1.0,558US310,130 S. Ct. 876,175 L. Ed. 2d 753,2010 U.S. LEXIS 766,2009.0,1703.0,Roberts,08-205,CITIZENS UNITED v. FEDERAL ELECTION COMMISSION,3/24/2009,9/9/2009,211.0,,343.0,,2.0,43.0,,1.0,55.0,,55.0,,0.0,1.0,1.0,2.0,2.0,7.0,0.0,1.0,1.0,0.0,30140.0,3.0,1.0,0.0,1.0,,2.0,200.0,,106.0,111.0,1.0,5.0,4.0,,,,,,,
2009-091,2009-091-01,2009-091-01-01,2009-091-01-01-01,6/28/2010,1.0,561US742,130 S. Ct. 3020,177 L. Ed. 2d 894,2010 U.S. LEXIS 5523,2009.0,1703.0,Roberts,08-1521,"OTIS MCDONALD, et al. v. CITY OF CHICAGO, ILLINOIS, et al.",3/2/2010,,227.0,,3.0,17.0,1.0,,,0.0,66.0,,27.0,,0.0,12.0,2.0,2.0,4.0,4.0,0.0,1.0,1.0,0.0,10600.0,1.0,1.0,0.0,2.0,,2.0,239.0,,112.0,111.0,1.0,5.0,4.0,,,,,,,
2010-065,2010-065-01,2010-065-01-01,2010-065-01-01-01,6/16/2011,1.0,564US211,131 S. Ct. 2355,180 L. Ed. 2d 269,2011 U.S. LEXIS 4558,2010.0,1704.0,Roberts,09-1227,"CAROL ANNE BOND, PETITIONER v. UNITED STATES",2/22/2011,,253.0,,27.0,,1.0,,,0.0,109.0,,23.0,,0.0,12.0,2.0,1.0,1.0,4.0,0.0,1.0,1.0,0.0,90220.0,9.0,2.0,0.0,1.0,,1.0,139.0,,106.0,111.0,1.0,9.0,0.0,,,,,,,
2012-062,2012-062-01,2012-062-01-01,2012-062-01-01-01,6/17/2013,1.0,,133 S. Ct. 2151,186 L. Ed. 2d 314,2013 U.S. LEXIS 4543,2012.0,1704.0,Roberts,11-9335,"ALLEN RYAN ALLEYNE, PETITIONER v. UNITED STATES",1/14/2013,,126.0,,27.0,,1.0,,,0.0,126.0,,24.0,,0.0,13.0,2.0,1.0,1.0,5.0,0.0,1.0,1.0,0.0,10560.0,1.0,2.0,0.0,1.0,1.0,2.0,217.0,,108.0,108.0,1.0,5.0,4.0,,,,,,,
2014-016,2014-016-01,2014-016-01-01,2014-016-01-01-01,6/26/2015,1.0,,135 S. Ct. 2551,192 L. Ed. 2d 569,2015 U.S. LEXIS 4251,2014.0,1704.0,Roberts,13-7120,JOHNSON v. UNITED STATES,11/5/2014,4/20/2015,126.0,,27.0,,1.0,,,0.0,83.0,,28.0,,0.0,11.0,2.0,1.0,2.0,4.0,0.0,1.0,1.0,0.0,40040.0,4.0,2.0,0.0,1.0,,2.0,207.0,,105.0,111.0,1.0,8.0,1.0,,,,,,,
2014-070,2014-070-01,2014-070-01-01,2014-070-01-01-01,6/26/2015,1.0,,135 S. Ct. 2584,192 L. Ed. 2d 609,2015 U.S. LEXIS 4250,2014.0,1704.0,Roberts,14-556,OBERGEFELL v. HODGES,4/28/2015,,162.0,,7.0,41.0,1.0,,,0.0,104.0,,26.0,,1.0,11.0,3.0,1.0,3.0,3.0,0.0,1.0,1.0,0.0,40010.0,4.0,2.0,0.0,2.0,,2.0,230.0,,106.0,106.0,1.0,5.0,4.0,,,,,,,
2015-007,2015-007-01,2015-007-01-01,2015-007-01-01-01,1/12/2016,1.0,,136 S. Ct. 616,193 L. Ed. 2d 504,2016 U.S. LEXIS 619,2015.0,1704.0,Roberts,14-7505,HURST v. FLORIDA,10/13/2015,,126.0,,28.0,12.0,1.0,,,0.0,302.0,12.0,300.0,12.0,1.0,11.0,2.0,1.0,3.0,4.0,0.0,1.0,1.0,0.0,10580.0,1.0,2.0,0.0,2.0,,2.0,215.0,,113.0,111.0,1.0,8.0,1.0,,,,,,,
2017-045,2017-045-01,2017-045-01-01,2017-045-01-01-01,6/27/2018,1.0,,138 S. Ct. 2448,201 L. Ed. 2d 924,2018 U.S. LEXIS 4028,2017.0,1706.0,Roberts,16-1466,"JANUS v. AMERICAN FEDERATION OF STATE, COUNTY, AND MUNICIPAL EMPLOYEES, COUNCIL 31",2/26/2018,,8.0,17.0,249.0,,1.0,,,0.0,66.0,,27.0,,0.0,10.0,2.0,2.0,3.0,4.0,0.0,1.0,1.0,0.0,70030.0,7.0,1.0,0.0,2.0,,2.0,200.0,,112.0,111.0,1.0,5.0,4.0,,,,,,,
2017-059,2017-059-01,2017-059-01-01,2017-059-01-01-01,6/21/2018,1.0,,138 S. Ct. 2080,201 L. Ed. 2d 403,2018 U.S. LEXIS 3835,2017.0,1706.0,Roberts,17-494,SOUTH DAKOTA v. WAYFAIR,4/17/2018,,28.0,49.0,233.0,,1.0,,,0.0,302.0,49.0,300.0,49.0,0.0,10.0,2.0,1.0,1.0,5.0,0.0,1.0,1.0,0.0,80100.0,8.0,2.0,0.0,3.0,,1.0,111.0,,106.0,106.0,1.0,5.0,4.0,,,,,,,
2017-074,2017-074-01,2017-074-01-01,2017-074-01-01-01,6/26/2018,1.0,,138 S. Ct. 2392,201 L. Ed. 2d 775,2018 U.S. LEXIS 4026,2017.0,1706.0,Roberts,17-965,"TRUMP, PRESIDENT OF U.S. v. HAWAII",4/25/2018,,19.0,60.0,28.0,15.0,1.0,,,0.0,63.0,,29.0,,0.0,12.0,4.0,2.0,1.0,4.0,0.0,1.0,1.0,0.0,20310.0,2.0,1.0,0.0,4.0,,3.0,344.0,,111.0,111.0,1.0,5.0,4.0,,,,,,,
,,,,,,328US61,,,,,,,,,,,,,,,,,,,,,,,,,,,,,,,,,,,,,,,,,,,,,,,20170.0,Girouard v. United States,1946.0,0.0,17342 17663 17664,31.0,19.0
,,,,,,370US690,,,,,,,,,,,,,,,,,,,,,,,,,,,,,,,,,,,,,,,,,,,,,,,22544.0,Continental Ore Co. v. Union Carbide & Carbon Corp.,1962.0,0.0,12864,21.0,31.0
,,,,,,476US573,,,,,,,,,,,,,,,,,,,,,,,,,,,,,,,,,,,,,,,,,,,,,,,28347.0,Brown-Forman Distillers Corp. v. New York State Liquor Auth.,1986.0,0.0,23553,13.0,22.0
,,,,,,478US570,,,,,,,,,,,,,,,,,,,,,,,,,,,,,,,,,,,,,,,,,,,,,,,28414.0,Rose v. Clark,1986.0,0.0,20109 20274 26270 26797,22.0,39.0
,,,,,,479US314,,,,,,,,,,,,,,,,,,,,,,,,,,,,,,,,,,,,,,,,,,,,,,,28463.0,Griffith v. Kentucky,1987.0,0.0,24426 24931,25.0,23.0
,,,,,,483US266,,,,,,,,,,,,,,,,,,,,,,,,,,,,,,,,,,,,,,,,,,,,,,,28607.0,American Trucking Ass'ns v. Scheiner,1987.0,0.0,18359 20368 20681,18.0,34.0
,,,,,,490US642,,,,,,,,,,,,,,,,,,,,,,,,,,,,,,,,,,,,,,,,,,,,,,,28942.0,Wards Cove Packing Co. v. Atonio,1989.0,0.0,24914,7.0,26.0
,,,,,,492US490,,,,,,,,,,,,,,,,,,,,,,,,,,,,,,,,,,,,,,,,,,,,,,,29003.0,Webster v. Reproductive Health Services,1989.0,0.0,25347 26657,6.0,84.0
